4a8cee88-dc55-449f-acfa-a81f8a3bd60a;1624637001413;oth/home
4a8cee88-dc55-449f-acfa-a81f8a3bd60a;1624637030734;oth/home
4afe2bbb-972e-4a34-8c2e-3b527b5ed345;1624637156937;oth/home
4afe2bbb-972e-4a34-8c2e-3b527b5ed345;1624637177158;oth/home
0eb864fb-9e35-4318-9c2b-fd40d8cc3af1;1624637300900;oth/home
0eb864fb-9e35-4318-9c2b-fd40d8cc3af1;1624637309633;oth/home
0eb864fb-9e35-4318-9c2b-fd40d8cc3af1;1624637378149;oth/home
dd21fa6f-8620-48a8-a2e9-573004bdbecb;1624637389465;oth/home
23486a02-a1fa-412a-87fc-4d9ffabfa8a1;1624637434917;oth/home
23486a02-a1fa-412a-87fc-4d9ffabfa8a1;1624637624828;oth/home
c5937fa8-885a-41ee-9164-034e2f13cac1;1624637646664;oth/home
c5937fa8-885a-41ee-9164-034e2f13cac1;1624637651778;oth/home
c5937fa8-885a-41ee-9164-034e2f13cac1;1624637998655;oth/home
c5937fa8-885a-41ee-9164-034e2f13cac1;1624638007630;oth/home
c5937fa8-885a-41ee-9164-034e2f13cac1;1624638051801;oth/home
c5937fa8-885a-41ee-9164-034e2f13cac1;1624638082510;oth/home
c5937fa8-885a-41ee-9164-034e2f13cac1;1624638100131;oth/home
c5937fa8-885a-41ee-9164-034e2f13cac1;1624638107971;oth/home
c5937fa8-885a-41ee-9164-034e2f13cac1;1624638111644;oth/home
c5937fa8-885a-41ee-9164-034e2f13cac1;1624638123232;oth/home
c5937fa8-885a-41ee-9164-034e2f13cac1;1624638130341;oth/home
c5937fa8-885a-41ee-9164-034e2f13cac1;1624638154175;oth/home
c5937fa8-885a-41ee-9164-034e2f13cac1;1624638265448;oth/home
c5937fa8-885a-41ee-9164-034e2f13cac1;1624638281876;oth/home
c5937fa8-885a-41ee-9164-034e2f13cac1;1624638288880;oth/home
c5937fa8-885a-41ee-9164-034e2f13cac1;1624638300890;oth/home
c5937fa8-885a-41ee-9164-034e2f13cac1;1624638307461;oth/home
c5937fa8-885a-41ee-9164-034e2f13cac1;1624638339476;oth/home
c5937fa8-885a-41ee-9164-034e2f13cac1;1624638340267;oth/home
c5937fa8-885a-41ee-9164-034e2f13cac1;1624638340533;oth/home
c5937fa8-885a-41ee-9164-034e2f13cac1;1624638340765;oth/home
c5937fa8-885a-41ee-9164-034e2f13cac1;1624638340980;oth/home
c5937fa8-885a-41ee-9164-034e2f13cac1;1624638361144;oth/home
c5937fa8-885a-41ee-9164-034e2f13cac1;1624638466217;oth/home
c5937fa8-885a-41ee-9164-034e2f13cac1;1624638485548;oth/home
c5937fa8-885a-41ee-9164-034e2f13cac1;1624638491812;oth/home
c5937fa8-885a-41ee-9164-034e2f13cac1;1624638499903;oth/home
c5937fa8-885a-41ee-9164-034e2f13cac1;1624638501027;oth/home
c5937fa8-885a-41ee-9164-034e2f13cac1;1624638501318;oth/home
c5937fa8-885a-41ee-9164-034e2f13cac1;1624638501499;oth/home
c5937fa8-885a-41ee-9164-034e2f13cac1;1624638501663;oth/home
c5937fa8-885a-41ee-9164-034e2f13cac1;1624638504536;oth/home
c5937fa8-885a-41ee-9164-034e2f13cac1;1624638516015;oth/home
c5937fa8-885a-41ee-9164-034e2f13cac1;1624638528838;oth/home
c5937fa8-885a-41ee-9164-034e2f13cac1;1624638535226;oth/home
c5937fa8-885a-41ee-9164-034e2f13cac1;1624638547559;oth/home
c5937fa8-885a-41ee-9164-034e2f13cac1;1624638549992;oth/home
c5937fa8-885a-41ee-9164-034e2f13cac1;1624638557725;oth/home
c5937fa8-885a-41ee-9164-034e2f13cac1;1624638565222;oth/home
c5937fa8-885a-41ee-9164-034e2f13cac1;1624638627072;oth/home
c5937fa8-885a-41ee-9164-034e2f13cac1;1624638632070;oth/home
c5937fa8-885a-41ee-9164-034e2f13cac1;1624638649616;oth/home
c5937fa8-885a-41ee-9164-034e2f13cac1;1624638657207;oth/home
c5937fa8-885a-41ee-9164-034e2f13cac1;1624638668271;oth/home
c5937fa8-885a-41ee-9164-034e2f13cac1;1624638684514;oth/home
c5937fa8-885a-41ee-9164-034e2f13cac1;1624638732017;oth/home
c5937fa8-885a-41ee-9164-034e2f13cac1;1624638740765;oth/home
c5937fa8-885a-41ee-9164-034e2f13cac1;1624638752918;oth/home
c5937fa8-885a-41ee-9164-034e2f13cac1;1624638759037;oth/home
c5937fa8-885a-41ee-9164-034e2f13cac1;1624638759480;oth/home
c5937fa8-885a-41ee-9164-034e2f13cac1;1624638759684;oth/home
c5937fa8-885a-41ee-9164-034e2f13cac1;1624638766459;oth/home
c5937fa8-885a-41ee-9164-034e2f13cac1;1624638767426;oth/home
c5937fa8-885a-41ee-9164-034e2f13cac1;1624638767612;oth/home
c5937fa8-885a-41ee-9164-034e2f13cac1;1624638772126;oth/home
c5937fa8-885a-41ee-9164-034e2f13cac1;1624638779463;oth/home
c5937fa8-885a-41ee-9164-034e2f13cac1;1624638793031;oth/home
c5937fa8-885a-41ee-9164-034e2f13cac1;1624638793747;oth/home
c5937fa8-885a-41ee-9164-034e2f13cac1;1624638793926;oth/home
c5937fa8-885a-41ee-9164-034e2f13cac1;1624638797440;oth/home
c5937fa8-885a-41ee-9164-034e2f13cac1;1624638797985;oth/home
c5937fa8-885a-41ee-9164-034e2f13cac1;1624638798235;oth/home
c5937fa8-885a-41ee-9164-034e2f13cac1;1624638798416;oth/home
c5937fa8-885a-41ee-9164-034e2f13cac1;1624638798672;oth/home
c5937fa8-885a-41ee-9164-034e2f13cac1;1624638803289;oth/home
c5937fa8-885a-41ee-9164-034e2f13cac1;1624638803921;oth/home
c5937fa8-885a-41ee-9164-034e2f13cac1;1624638804096;oth/home
c5937fa8-885a-41ee-9164-034e2f13cac1;1624638804331;oth/home
c5937fa8-885a-41ee-9164-034e2f13cac1;1624638804549;oth/home
c5937fa8-885a-41ee-9164-034e2f13cac1;1624638804808;oth/home
c5937fa8-885a-41ee-9164-034e2f13cac1;1624638804962;oth/home
c5937fa8-885a-41ee-9164-034e2f13cac1;1624638805181;oth/home
c5937fa8-885a-41ee-9164-034e2f13cac1;1624638805376;oth/home
c5937fa8-885a-41ee-9164-034e2f13cac1;1624638805566;oth/home
c5937fa8-885a-41ee-9164-034e2f13cac1;1624638812471;oth/home
c5937fa8-885a-41ee-9164-034e2f13cac1;1624638821357;oth/home
c5937fa8-885a-41ee-9164-034e2f13cac1;1624638847011;oth/home
c5937fa8-885a-41ee-9164-034e2f13cac1;1624638870207;oth/home
c5937fa8-885a-41ee-9164-034e2f13cac1;1624638870834;oth/home
c5937fa8-885a-41ee-9164-034e2f13cac1;1624638871023;oth/home
c5937fa8-885a-41ee-9164-034e2f13cac1;1624638871205;oth/home
c5937fa8-885a-41ee-9164-034e2f13cac1;1624638871435;oth/home
c5937fa8-885a-41ee-9164-034e2f13cac1;1624638896237;oth/home
c5937fa8-885a-41ee-9164-034e2f13cac1;1624638896593;oth/home
c5937fa8-885a-41ee-9164-034e2f13cac1;1624638896863;oth/home
c5937fa8-885a-41ee-9164-034e2f13cac1;1624638897046;oth/home
c5937fa8-885a-41ee-9164-034e2f13cac1;1624638897227;oth/home
c5937fa8-885a-41ee-9164-034e2f13cac1;1624638901233;oth/home
c5937fa8-885a-41ee-9164-034e2f13cac1;1624638902016;oth/home
c5937fa8-885a-41ee-9164-034e2f13cac1;1624638905954;oth/home
c5937fa8-885a-41ee-9164-034e2f13cac1;1624638906562;oth/home
c5937fa8-885a-41ee-9164-034e2f13cac1;1624638906899;oth/home
c5937fa8-885a-41ee-9164-034e2f13cac1;1624638907168;oth/home
c5937fa8-885a-41ee-9164-034e2f13cac1;1624638907599;oth/home
c5937fa8-885a-41ee-9164-034e2f13cac1;1624639216705;oth/home
c5937fa8-885a-41ee-9164-034e2f13cac1;1624639217187;oth/home
c5937fa8-885a-41ee-9164-034e2f13cac1;1624639217361;oth/home
c5937fa8-885a-41ee-9164-034e2f13cac1;1624639217595;oth/home
c5937fa8-885a-41ee-9164-034e2f13cac1;1624639367993;oth/home
c5937fa8-885a-41ee-9164-034e2f13cac1;1624639388670;oth/home
c5937fa8-885a-41ee-9164-034e2f13cac1;1624639398415;oth/home
c5937fa8-885a-41ee-9164-034e2f13cac1;1624639458173;oth/home
c5937fa8-885a-41ee-9164-034e2f13cac1;1624639468230;oth/home
c5937fa8-885a-41ee-9164-034e2f13cac1;1624639485758;oth/home
c5937fa8-885a-41ee-9164-034e2f13cac1;1624639499078;oth/home
c5937fa8-885a-41ee-9164-034e2f13cac1;1624639561157;oth/home
c5937fa8-885a-41ee-9164-034e2f13cac1;1624639584532;oth/home
c5937fa8-885a-41ee-9164-034e2f13cac1;1624639593221;oth/home
c5937fa8-885a-41ee-9164-034e2f13cac1;1624639604895;oth/home
c5937fa8-885a-41ee-9164-034e2f13cac1;1624639692715;oth/home
c5937fa8-885a-41ee-9164-034e2f13cac1;1624639858561;oth/home
c5937fa8-885a-41ee-9164-034e2f13cac1;1624639988339;oth/home
c5937fa8-885a-41ee-9164-034e2f13cac1;1624640001727;oth/home
c5937fa8-885a-41ee-9164-034e2f13cac1;1624640008475;oth/home
c5937fa8-885a-41ee-9164-034e2f13cac1;1624640043698;oth/home
c5937fa8-885a-41ee-9164-034e2f13cac1;1624640050981;oth/home
c5937fa8-885a-41ee-9164-034e2f13cac1;1624640072511;oth/home
c5937fa8-885a-41ee-9164-034e2f13cac1;1624640078655;oth/home
c5937fa8-885a-41ee-9164-034e2f13cac1;1624640080970;oth/home
c5937fa8-885a-41ee-9164-034e2f13cac1;1624640095464;oth/home
c5937fa8-885a-41ee-9164-034e2f13cac1;1624640138301;oth/home
c5937fa8-885a-41ee-9164-034e2f13cac1;1624640148133;oth/home
c5937fa8-885a-41ee-9164-034e2f13cac1;1624640261718;oth/home
c5937fa8-885a-41ee-9164-034e2f13cac1;1624640266799;oth/home
c5937fa8-885a-41ee-9164-034e2f13cac1;1624640269632;oth/home
c5937fa8-885a-41ee-9164-034e2f13cac1;1624640272919;oth/home
c5937fa8-885a-41ee-9164-034e2f13cac1;1624640306806;oth/home
c5937fa8-885a-41ee-9164-034e2f13cac1;1624640330118;oth/home
c5937fa8-885a-41ee-9164-034e2f13cac1;1624640335558;oth/home
c5937fa8-885a-41ee-9164-034e2f13cac1;1624640338552;oth/home
c5937fa8-885a-41ee-9164-034e2f13cac1;1624640356327;oth/home
c5937fa8-885a-41ee-9164-034e2f13cac1;1624640370393;oth/home
c5937fa8-885a-41ee-9164-034e2f13cac1;1624640373857;oth/home
c5937fa8-885a-41ee-9164-034e2f13cac1;1624640378916;oth/home
c5937fa8-885a-41ee-9164-034e2f13cac1;1624640381817;oth/home
c5937fa8-885a-41ee-9164-034e2f13cac1;1624640423828;oth/home
c5937fa8-885a-41ee-9164-034e2f13cac1;1624640424724;oth/home
c5937fa8-885a-41ee-9164-034e2f13cac1;1624640424943;oth/home
c5937fa8-885a-41ee-9164-034e2f13cac1;1624640425089;oth/home
c5937fa8-885a-41ee-9164-034e2f13cac1;1624640425277;oth/home
c5937fa8-885a-41ee-9164-034e2f13cac1;1624640446441;oth/home
d1512e55-0021-4099-910d-ca59a5154de6;1624640452266;oth/home
d1512e55-0021-4099-910d-ca59a5154de6;1624640462121;oth/home
b7a7b85e-a2ba-4a9b-889e-2e457775cacd;1624640482358;oth/home
b7a7b85e-a2ba-4a9b-889e-2e457775cacd;1624640507076;oth/home
b7a7b85e-a2ba-4a9b-889e-2e457775cacd;1624640587898;oth/home
b2470ffb-c3b1-485e-8c54-ae6e53384531;1624640592101;oth/home
85d03569-4905-4b98-ad47-47ebddef45d6;1624640617969;oth/home
85d03569-4905-4b98-ad47-47ebddef45d6;1624642177505;oth/genealogie
85d03569-4905-4b98-ad47-47ebddef45d6;1624642245402;oth/home
85d03569-4905-4b98-ad47-47ebddef45d6;1624642616940;oth/genealogie
85d03569-4905-4b98-ad47-47ebddef45d6;1624642629339;oth/home
85d03569-4905-4b98-ad47-47ebddef45d6;1624642634597;mw/maehrisch-wiesen
85d03569-4905-4b98-ad47-47ebddef45d6;1624643153208;oth/home
85d03569-4905-4b98-ad47-47ebddef45d6;1624643182070;oth/home
85d03569-4905-4b98-ad47-47ebddef45d6;1624643198068;oth/home
85d03569-4905-4b98-ad47-47ebddef45d6;1624643215368;oth/home
85d03569-4905-4b98-ad47-47ebddef45d6;1624643329605;oth/home
85d03569-4905-4b98-ad47-47ebddef45d6;1624643340761;oth/home
85d03569-4905-4b98-ad47-47ebddef45d6;1624643343115;oth/kontakt
85d03569-4905-4b98-ad47-47ebddef45d6;1624643359165;oth/kontakt
85d03569-4905-4b98-ad47-47ebddef45d6;1624643399775;oth/kontakt
85d03569-4905-4b98-ad47-47ebddef45d6;1624643462217;oth/home
d90f57a3-94f9-4f9a-a935-881b17d6f4a3;1624643523758;oth/home
d90f57a3-94f9-4f9a-a935-881b17d6f4a3;1624643540757;oth/home
d90f57a3-94f9-4f9a-a935-881b17d6f4a3;1624643546801;oth/home
48f282aa-0d4f-4289-a8a5-6667615a1f8c;1624643592144;oth/home
48f282aa-0d4f-4289-a8a5-6667615a1f8c;1624643619423;oth/home
f032f575-8bbf-4ed5-876f-4be862b50aea;1624643627769;oth/home
85d03569-4905-4b98-ad47-47ebddef45d6;1624644030674;oth/kontakt
85d03569-4905-4b98-ad47-47ebddef45d6;1624644051013;oth/kontakt
85d03569-4905-4b98-ad47-47ebddef45d6;1624644059049;oth/home
85d03569-4905-4b98-ad47-47ebddef45d6;1624644251716;oth/home
85d03569-4905-4b98-ad47-47ebddef45d6;1624644253260;oth/karten
85d03569-4905-4b98-ad47-47ebddef45d6;1624644293318;oth/karten
85d03569-4905-4b98-ad47-47ebddef45d6;1624644299194;oth/home
85d03569-4905-4b98-ad47-47ebddef45d6;1624644302174;oth/karten
85d03569-4905-4b98-ad47-47ebddef45d6;1624644408496;oth/karten
85d03569-4905-4b98-ad47-47ebddef45d6;1624644460989;mw/geschichte-von-maehrisch-wiesen
85d03569-4905-4b98-ad47-47ebddef45d6;1624644475231;oth/karten
85d03569-4905-4b98-ad47-47ebddef45d6;1624644482229;mw/volkszaehlungen
85d03569-4905-4b98-ad47-47ebddef45d6;1624644485628;mw/der-menschenschlag-von-maehrisch-wiesen
85d03569-4905-4b98-ad47-47ebddef45d6;1624644487291;mw/volkszaehlungen
85d03569-4905-4b98-ad47-47ebddef45d6;1624644490320;mw/maehrisch-wiesen
85d03569-4905-4b98-ad47-47ebddef45d6;1624644506320;oth/karten
85d03569-4905-4b98-ad47-47ebddef45d6;1624644734871;oth/karten
85d03569-4905-4b98-ad47-47ebddef45d6;1624644749795;oth/karten
85d03569-4905-4b98-ad47-47ebddef45d6;1624644757495;oth/karten
85d03569-4905-4b98-ad47-47ebddef45d6;1624644809516;oth/karten
85d03569-4905-4b98-ad47-47ebddef45d6;1624644935514;oth/karten
85d03569-4905-4b98-ad47-47ebddef45d6;1624644942463;oth/karten
85d03569-4905-4b98-ad47-47ebddef45d6;1624644960961;oth/genealogie
85d03569-4905-4b98-ad47-47ebddef45d6;1624644993199;oth/genealogie
85d03569-4905-4b98-ad47-47ebddef45d6;1624644993984;oth/genealogie
85d03569-4905-4b98-ad47-47ebddef45d6;1624644994142;oth/genealogie
85d03569-4905-4b98-ad47-47ebddef45d6;1624644994322;oth/genealogie
85d03569-4905-4b98-ad47-47ebddef45d6;1624644994512;oth/genealogie
85d03569-4905-4b98-ad47-47ebddef45d6;1624644994661;oth/genealogie
85d03569-4905-4b98-ad47-47ebddef45d6;1624644994775;oth/genealogie
85d03569-4905-4b98-ad47-47ebddef45d6;1624646135846;oth/home
85d03569-4905-4b98-ad47-47ebddef45d6;1624646236110;oth/home
85d03569-4905-4b98-ad47-47ebddef45d6;1624646242505;oth/home
85d03569-4905-4b98-ad47-47ebddef45d6;1624646244790;bw/volksschule-boehmisch-wiesen
85d03569-4905-4b98-ad47-47ebddef45d6;1624646273631;oth/home
85d03569-4905-4b98-ad47-47ebddef45d6;1624646394274;oth/home
85d03569-4905-4b98-ad47-47ebddef45d6;1624646398281;mw/volkszaehlungen
85d03569-4905-4b98-ad47-47ebddef45d6;1624646705406;mw/volkszaehlungen
85d03569-4905-4b98-ad47-47ebddef45d6;1624647380496;bw/volksschule-boehmisch-wiesen
85d03569-4905-4b98-ad47-47ebddef45d6;1624647405603;bw/volksschule-boehmisch-wiesen
7a67e5d5-5360-42d2-aec0-652bcad00f29;1624650923624;oth/home
7a67e5d5-5360-42d2-aec0-652bcad00f29;1624650987528;mw/volkszaehlungen
7a67e5d5-5360-42d2-aec0-652bcad00f29;1624650991392;bw/geschichte-von-boehmisch-wiesen
7a67e5d5-5360-42d2-aec0-652bcad00f29;1624650999425;oth/karten
7a67e5d5-5360-42d2-aec0-652bcad00f29;1624651005251;bw/geschichte-von-boehmisch-wiesen
7a67e5d5-5360-42d2-aec0-652bcad00f29;1624651013653;oth/karten
7a67e5d5-5360-42d2-aec0-652bcad00f29;1624651017999;oth/kontakt
7a67e5d5-5360-42d2-aec0-652bcad00f29;1624651034059;mw/der-menschenschlag-von-maehrisch-wiesen
7a67e5d5-5360-42d2-aec0-652bcad00f29;1624651036322;mw/volkszaehlungen
85d03569-4905-4b98-ad47-47ebddef45d6;1624653027251;oth/home
40bff867-5d5a-4780-9234-5d2bdb1f7e37;1624656242553;oth/home
40bff867-5d5a-4780-9234-5d2bdb1f7e37;1625074946302;oth/home
40bff867-5d5a-4780-9234-5d2bdb1f7e37;1625074958251;mw/volkszaehlungen
40bff867-5d5a-4780-9234-5d2bdb1f7e37;1625075014355;mw/volkszaehlungen
40bff867-5d5a-4780-9234-5d2bdb1f7e37;1625075107299;mw/volkszaehlungen
40bff867-5d5a-4780-9234-5d2bdb1f7e37;1625075120684;mw/volkszaehlungen
40bff867-5d5a-4780-9234-5d2bdb1f7e37;1625075158353;mw/volkszaehlungen
40bff867-5d5a-4780-9234-5d2bdb1f7e37;1625075292765;mw/volkszaehlungen
40bff867-5d5a-4780-9234-5d2bdb1f7e37;1625075347799;mw/volkszaehlungen
40bff867-5d5a-4780-9234-5d2bdb1f7e37;1625075557939;mw/volkszaehlungen
40bff867-5d5a-4780-9234-5d2bdb1f7e37;1625075559341;mw/volkszaehlungen
40bff867-5d5a-4780-9234-5d2bdb1f7e37;1625075559951;mw/volkszaehlungen
40bff867-5d5a-4780-9234-5d2bdb1f7e37;1625079434712;mw/volkszaehlungen
40bff867-5d5a-4780-9234-5d2bdb1f7e37;1625079541265;mw/volkszaehlungen
40bff867-5d5a-4780-9234-5d2bdb1f7e37;1625079578179;mw/volkszaehlungen
40bff867-5d5a-4780-9234-5d2bdb1f7e37;1625079671764;mw/volkszaehlungen
40bff867-5d5a-4780-9234-5d2bdb1f7e37;1625079694349;mw/volkszaehlungen
40bff867-5d5a-4780-9234-5d2bdb1f7e37;1625079706827;mw/volkszaehlungen
40bff867-5d5a-4780-9234-5d2bdb1f7e37;1625079835682;mw/volkszaehlungen
40bff867-5d5a-4780-9234-5d2bdb1f7e37;1625079929754;mw/volkszaehlungen
40bff867-5d5a-4780-9234-5d2bdb1f7e37;1625079955043;mw/volkszaehlungen
40bff867-5d5a-4780-9234-5d2bdb1f7e37;1625079967321;mw/volkszaehlungen
40bff867-5d5a-4780-9234-5d2bdb1f7e37;1625079969010;mw/volkszaehlungen
40bff867-5d5a-4780-9234-5d2bdb1f7e37;1625079969736;mw/volkszaehlungen
40bff867-5d5a-4780-9234-5d2bdb1f7e37;1625079972620;mw/volkszaehlungen
40bff867-5d5a-4780-9234-5d2bdb1f7e37;1625079973220;mw/volkszaehlungen
40bff867-5d5a-4780-9234-5d2bdb1f7e37;1625080001708;mw/volkszaehlungen
40bff867-5d5a-4780-9234-5d2bdb1f7e37;1625080114523;mw/volkszaehlungen
40bff867-5d5a-4780-9234-5d2bdb1f7e37;1625080117513;mw/volkszaehlungen
40bff867-5d5a-4780-9234-5d2bdb1f7e37;1625080118481;mw/volkszaehlungen
40bff867-5d5a-4780-9234-5d2bdb1f7e37;1625080126268;mw/volkszaehlungen
40bff867-5d5a-4780-9234-5d2bdb1f7e37;1625080127981;mw/volkszaehlungen
40bff867-5d5a-4780-9234-5d2bdb1f7e37;1625080130918;oth/home
40bff867-5d5a-4780-9234-5d2bdb1f7e37;1625080133844;mw/volkszaehlungen
40bff867-5d5a-4780-9234-5d2bdb1f7e37;1625080164123;mw/volkszaehlungen
40bff867-5d5a-4780-9234-5d2bdb1f7e37;1625080170374;oth/home
40bff867-5d5a-4780-9234-5d2bdb1f7e37;1625080172533;mw/volkszaehlungen
40bff867-5d5a-4780-9234-5d2bdb1f7e37;1625080185694;mw/volkszaehlungen
40bff867-5d5a-4780-9234-5d2bdb1f7e37;1625080188885;mw/volkszaehlungen
40bff867-5d5a-4780-9234-5d2bdb1f7e37;1625080191433;mw/volkszaehlungen
40bff867-5d5a-4780-9234-5d2bdb1f7e37;1625080197241;mw/volkszaehlungen
40bff867-5d5a-4780-9234-5d2bdb1f7e37;1625080210367;mw/volkszaehlungen
40bff867-5d5a-4780-9234-5d2bdb1f7e37;1625153645249;oth/home
40bff867-5d5a-4780-9234-5d2bdb1f7e37;1625153691664;mw/volkszaehlungen
40bff867-5d5a-4780-9234-5d2bdb1f7e37;1625154919773;mw/volkszaehlungen
40bff867-5d5a-4780-9234-5d2bdb1f7e37;1625155014912;oth/home
40bff867-5d5a-4780-9234-5d2bdb1f7e37;1625155022939;mw/volkszaehlungen
40bff867-5d5a-4780-9234-5d2bdb1f7e37;1625155034261;oth/home
40bff867-5d5a-4780-9234-5d2bdb1f7e37;1625155037160;mw/volkszaehlungen
40bff867-5d5a-4780-9234-5d2bdb1f7e37;1625158405672;mw/volkszaehlungen
40bff867-5d5a-4780-9234-5d2bdb1f7e37;1625158470718;mw/volkszaehlungen
40bff867-5d5a-4780-9234-5d2bdb1f7e37;1625158497758;mw/volkszaehlungen
40bff867-5d5a-4780-9234-5d2bdb1f7e37;1625158616630;mw/volkszaehlungen
40bff867-5d5a-4780-9234-5d2bdb1f7e37;1625158647478;mw/volkszaehlungen
40bff867-5d5a-4780-9234-5d2bdb1f7e37;1625158657083;mw/volkszaehlungen
40bff867-5d5a-4780-9234-5d2bdb1f7e37;1625158666004;mw/volkszaehlungen
40bff867-5d5a-4780-9234-5d2bdb1f7e37;1625158672647;mw/volkszaehlungen
40bff867-5d5a-4780-9234-5d2bdb1f7e37;1625158733556;mw/volkszaehlungen
40bff867-5d5a-4780-9234-5d2bdb1f7e37;1625158776610;mw/volkszaehlungen
ae35c305-07bf-42dd-b8f4-3cc86bc0abc7;1625240538717;oth/home
9e6d0f5d-3d63-497e-95b7-a35f3b9dab2e;1625240562927;oth/home
ae35c305-07bf-42dd-b8f4-3cc86bc0abc7;1625240587722;mw/volkszaehlungen
ae35c305-07bf-42dd-b8f4-3cc86bc0abc7;1625240590625;oth/karten
ae35c305-07bf-42dd-b8f4-3cc86bc0abc7;1625240593728;mw/volkszaehlungen
9e6d0f5d-3d63-497e-95b7-a35f3b9dab2e;1625240620974;oth/karten
9e6d0f5d-3d63-497e-95b7-a35f3b9dab2e;1625240634373;oth/home
9e6d0f5d-3d63-497e-95b7-a35f3b9dab2e;1625240668111;mw/maehrisch-wiesen
ae35c305-07bf-42dd-b8f4-3cc86bc0abc7;1625240780859;mw/volkszaehlungen
ae35c305-07bf-42dd-b8f4-3cc86bc0abc7;1625240786301;mw/volkszaehlungen
ae35c305-07bf-42dd-b8f4-3cc86bc0abc7;1625240838374;mw/volkszaehlungen
9e6d0f5d-3d63-497e-95b7-a35f3b9dab2e;1625240864227;mw/maehrisch-wiesen
ae35c305-07bf-42dd-b8f4-3cc86bc0abc7;1625240914008;mw/volkszaehlungen
ae35c305-07bf-42dd-b8f4-3cc86bc0abc7;1625240915513;mw/volkszaehlungen
ae35c305-07bf-42dd-b8f4-3cc86bc0abc7;1625240916279;mw/volkszaehlungen
ae35c305-07bf-42dd-b8f4-3cc86bc0abc7;1625240916540;mw/volkszaehlungen
ae35c305-07bf-42dd-b8f4-3cc86bc0abc7;1625240933848;mw/volkszaehlungen
ae35c305-07bf-42dd-b8f4-3cc86bc0abc7;1625241009391;mw/volkszaehlungen
ae35c305-07bf-42dd-b8f4-3cc86bc0abc7;1625241119947;mw/volkszaehlungen
ae35c305-07bf-42dd-b8f4-3cc86bc0abc7;1625241129983;mw/volkszaehlungen
ae35c305-07bf-42dd-b8f4-3cc86bc0abc7;1625241131059;mw/volkszaehlungen
ae35c305-07bf-42dd-b8f4-3cc86bc0abc7;1625241143676;mw/volkszaehlungen
ae35c305-07bf-42dd-b8f4-3cc86bc0abc7;1625241169637;mw/volkszaehlungen
ae35c305-07bf-42dd-b8f4-3cc86bc0abc7;1625241183918;mw/volkszaehlungen
ae35c305-07bf-42dd-b8f4-3cc86bc0abc7;1625241201792;mw/volkszaehlungen
ae35c305-07bf-42dd-b8f4-3cc86bc0abc7;1625241202723;mw/volkszaehlungen
ae35c305-07bf-42dd-b8f4-3cc86bc0abc7;1625241207975;mw/volkszaehlungen
ae35c305-07bf-42dd-b8f4-3cc86bc0abc7;1625241209488;mw/volkszaehlungen
ae35c305-07bf-42dd-b8f4-3cc86bc0abc7;1625241338536;mw/volkszaehlungen
ae35c305-07bf-42dd-b8f4-3cc86bc0abc7;1625241348017;mw/volkszaehlungen
ae35c305-07bf-42dd-b8f4-3cc86bc0abc7;1625241349912;mw/volkszaehlungen
ae35c305-07bf-42dd-b8f4-3cc86bc0abc7;1625241354002;mw/volkszaehlungen
ae35c305-07bf-42dd-b8f4-3cc86bc0abc7;1625241354987;oth/home
ae35c305-07bf-42dd-b8f4-3cc86bc0abc7;1625241368412;mw/geschichte-von-maehrisch-wiesen
ae35c305-07bf-42dd-b8f4-3cc86bc0abc7;1625241371112;oth/kontakt
ae35c305-07bf-42dd-b8f4-3cc86bc0abc7;1625241375708;oth/home
9e6d0f5d-3d63-497e-95b7-a35f3b9dab2e;1625241391285;mw/maehrisch-wiesen
9e6d0f5d-3d63-497e-95b7-a35f3b9dab2e;1625241430174;oth/home
ae35c305-07bf-42dd-b8f4-3cc86bc0abc7;1625241461776;mw/maehrisch-wiesen
ae35c305-07bf-42dd-b8f4-3cc86bc0abc7;1625241481081;mw/maehrisch-wiesen
9e6d0f5d-3d63-497e-95b7-a35f3b9dab2e;1625241488513;oth/home
ae35c305-07bf-42dd-b8f4-3cc86bc0abc7;1625241493288;oth/karten
ae35c305-07bf-42dd-b8f4-3cc86bc0abc7;1625241502941;mw/geschichte-von-maehrisch-wiesen
ae35c305-07bf-42dd-b8f4-3cc86bc0abc7;1625241598987;mw/geschichte-von-maehrisch-wiesen
ae35c305-07bf-42dd-b8f4-3cc86bc0abc7;1625241603831;mw/ort-maehrisch-wiesen
ae35c305-07bf-42dd-b8f4-3cc86bc0abc7;1625241653413;bw/ort-boehmisch-wiesen
ae35c305-07bf-42dd-b8f4-3cc86bc0abc7;1625241689065;mw/ort-maehrisch-wiesen
ae35c305-07bf-42dd-b8f4-3cc86bc0abc7;1625241690926;bw/ort-boehmisch-wiesen
9e6d0f5d-3d63-497e-95b7-a35f3b9dab2e;1625241706051;oth/home
ae35c305-07bf-42dd-b8f4-3cc86bc0abc7;1625241788577;mw/volkszaehlungen
9e6d0f5d-3d63-497e-95b7-a35f3b9dab2e;1625241796684;mw/volkszaehlungen
ae35c305-07bf-42dd-b8f4-3cc86bc0abc7;1625241846525;mw/volkszaehlungen
9e6d0f5d-3d63-497e-95b7-a35f3b9dab2e;1625241849777;mw/volkszaehlungen
9e6d0f5d-3d63-497e-95b7-a35f3b9dab2e;1625241855489;mw/volkszaehlungen
c83b482f-ef9c-4c9a-b813-cde9a58f160b;1625242050009;oth/home
c83b482f-ef9c-4c9a-b813-cde9a58f160b;1625242059771;mw/volkszaehlungen
ae35c305-07bf-42dd-b8f4-3cc86bc0abc7;1625242118105;oth/kontakt
9e6d0f5d-3d63-497e-95b7-a35f3b9dab2e;1625242120722;oth/kontakt
9e6d0f5d-3d63-497e-95b7-a35f3b9dab2e;1625242134861;oth/kontakt
9e6d0f5d-3d63-497e-95b7-a35f3b9dab2e;1625242154139;oth/karten
9e6d0f5d-3d63-497e-95b7-a35f3b9dab2e;1625242156679;oth/genealogie
ae35c305-07bf-42dd-b8f4-3cc86bc0abc7;1625242165018;oth/genealogie
9e6d0f5d-3d63-497e-95b7-a35f3b9dab2e;1625242184721;mw/geschichte-von-maehrisch-wiesen
ae35c305-07bf-42dd-b8f4-3cc86bc0abc7;1625242197822;mw/geschichte-von-maehrisch-wiesen
ae35c305-07bf-42dd-b8f4-3cc86bc0abc7;1625242199424;bw/geschichte-von-boehmisch-wiesen
ae35c305-07bf-42dd-b8f4-3cc86bc0abc7;1625242204743;mw/geschichte-von-maehrisch-wiesen
ae35c305-07bf-42dd-b8f4-3cc86bc0abc7;1625242810927;mw/geschichte-von-maehrisch-wiesen
ae35c305-07bf-42dd-b8f4-3cc86bc0abc7;1625242821372;mw/geschichte-von-maehrisch-wiesen
ae35c305-07bf-42dd-b8f4-3cc86bc0abc7;1625242840065;mw/geschichte-von-maehrisch-wiesen
ae35c305-07bf-42dd-b8f4-3cc86bc0abc7;1625242854513;mw/geschichte-von-maehrisch-wiesen
ae35c305-07bf-42dd-b8f4-3cc86bc0abc7;1625242864678;mw/geschichte-von-maehrisch-wiesen
ae35c305-07bf-42dd-b8f4-3cc86bc0abc7;1625242875732;mw/geschichte-von-maehrisch-wiesen
ae35c305-07bf-42dd-b8f4-3cc86bc0abc7;1625242886072;mw/geschichte-von-maehrisch-wiesen
ae35c305-07bf-42dd-b8f4-3cc86bc0abc7;1625242896738;mw/geschichte-von-maehrisch-wiesen
ae35c305-07bf-42dd-b8f4-3cc86bc0abc7;1625242902411;mw/geschichte-von-maehrisch-wiesen
ae35c305-07bf-42dd-b8f4-3cc86bc0abc7;1625242913720;mw/geschichte-von-maehrisch-wiesen
ae35c305-07bf-42dd-b8f4-3cc86bc0abc7;1625242920303;mw/geschichte-von-maehrisch-wiesen
ae35c305-07bf-42dd-b8f4-3cc86bc0abc7;1625242927009;mw/geschichte-von-maehrisch-wiesen
ae35c305-07bf-42dd-b8f4-3cc86bc0abc7;1625242969209;mw/geschichte-von-maehrisch-wiesen
ae35c305-07bf-42dd-b8f4-3cc86bc0abc7;1625242981836;mw/geschichte-von-maehrisch-wiesen
ae35c305-07bf-42dd-b8f4-3cc86bc0abc7;1625242997102;mw/geschichte-von-maehrisch-wiesen
ae35c305-07bf-42dd-b8f4-3cc86bc0abc7;1625243004353;mw/geschichte-von-maehrisch-wiesen
ae35c305-07bf-42dd-b8f4-3cc86bc0abc7;1625243015175;mw/geschichte-von-maehrisch-wiesen
ae35c305-07bf-42dd-b8f4-3cc86bc0abc7;1625243040065;mw/geschichte-von-maehrisch-wiesen
ae35c305-07bf-42dd-b8f4-3cc86bc0abc7;1625243086452;mw/geschichte-von-maehrisch-wiesen
ae35c305-07bf-42dd-b8f4-3cc86bc0abc7;1625243103275;mw/geschichte-von-maehrisch-wiesen
ae35c305-07bf-42dd-b8f4-3cc86bc0abc7;1625243125836;mw/geschichte-von-maehrisch-wiesen
ae35c305-07bf-42dd-b8f4-3cc86bc0abc7;1625243139711;mw/geschichte-von-maehrisch-wiesen
ae35c305-07bf-42dd-b8f4-3cc86bc0abc7;1625243143466;mw/geschichte-von-maehrisch-wiesen
ae35c305-07bf-42dd-b8f4-3cc86bc0abc7;1625243167066;mw/geschichte-von-maehrisch-wiesen
ae35c305-07bf-42dd-b8f4-3cc86bc0abc7;1625243176762;mw/geschichte-von-maehrisch-wiesen
ae35c305-07bf-42dd-b8f4-3cc86bc0abc7;1625243192850;mw/geschichte-von-maehrisch-wiesen
ae35c305-07bf-42dd-b8f4-3cc86bc0abc7;1625243388444;mw/geschichte-von-maehrisch-wiesen
ae35c305-07bf-42dd-b8f4-3cc86bc0abc7;1625243461566;mw/geschichte-von-maehrisch-wiesen
ae35c305-07bf-42dd-b8f4-3cc86bc0abc7;1625243471673;mw/geschichte-von-maehrisch-wiesen
ae35c305-07bf-42dd-b8f4-3cc86bc0abc7;1625244119313;mw/geschichte-von-maehrisch-wiesen
ae35c305-07bf-42dd-b8f4-3cc86bc0abc7;1625244162460;mw/geschichte-von-maehrisch-wiesen
ae35c305-07bf-42dd-b8f4-3cc86bc0abc7;1625244169780;mw/geschichte-von-maehrisch-wiesen
ae35c305-07bf-42dd-b8f4-3cc86bc0abc7;1625244291424;mw/geschichte-von-maehrisch-wiesen
ae35c305-07bf-42dd-b8f4-3cc86bc0abc7;1625244296625;mw/geschichte-von-maehrisch-wiesen
ae35c305-07bf-42dd-b8f4-3cc86bc0abc7;1625244331261;mw/geschichte-von-maehrisch-wiesen
ae35c305-07bf-42dd-b8f4-3cc86bc0abc7;1625244731574;mw/geschichte-von-maehrisch-wiesen
ae35c305-07bf-42dd-b8f4-3cc86bc0abc7;1625244863897;mw/geschichte-von-maehrisch-wiesen
ae35c305-07bf-42dd-b8f4-3cc86bc0abc7;1625244948865;mw/geschichte-von-maehrisch-wiesen
ae35c305-07bf-42dd-b8f4-3cc86bc0abc7;1625245524235;mw/geschichte-von-maehrisch-wiesen
9e6d0f5d-3d63-497e-95b7-a35f3b9dab2e;1625245671373;mw/geschichte-von-maehrisch-wiesen
ae35c305-07bf-42dd-b8f4-3cc86bc0abc7;1625245744533;mw/geschichte-von-maehrisch-wiesen
9e6d0f5d-3d63-497e-95b7-a35f3b9dab2e;1625247080665;bw/ort-boehmisch-wiesen
9e6d0f5d-3d63-497e-95b7-a35f3b9dab2e;1625247084902;oth/home
9e6d0f5d-3d63-497e-95b7-a35f3b9dab2e;1625247211377;oth/genealogie
9e6d0f5d-3d63-497e-95b7-a35f3b9dab2e;1625247516450;bw/ort-boehmisch-wiesen
9e6d0f5d-3d63-497e-95b7-a35f3b9dab2e;1625247647159;mw/geschichte-von-maehrisch-wiesen
9e6d0f5d-3d63-497e-95b7-a35f3b9dab2e;1625247692549;oth/home
9e6d0f5d-3d63-497e-95b7-a35f3b9dab2e;1625247739348;mw/volkszaehlungen
ae35c305-07bf-42dd-b8f4-3cc86bc0abc7;1625247839201;mw/volkszaehlungen
9e6d0f5d-3d63-497e-95b7-a35f3b9dab2e;1625247902856;bw/geschichte-von-boehmisch-wiesen
9e6d0f5d-3d63-497e-95b7-a35f3b9dab2e;1625247927840;oth/karten
9e6d0f5d-3d63-497e-95b7-a35f3b9dab2e;1625248470843;bw/ort-boehmisch-wiesen
ae35c305-07bf-42dd-b8f4-3cc86bc0abc7;1625310171558;mw/volkszaehlungen
ae35c305-07bf-42dd-b8f4-3cc86bc0abc7;1625310173974;oth/home
40bff867-5d5a-4780-9234-5d2bdb1f7e37;1625310430493;oth/home
40bff867-5d5a-4780-9234-5d2bdb1f7e37;1625400417824;oth/home
40bff867-5d5a-4780-9234-5d2bdb1f7e37;1625402368847;oth/home
40bff867-5d5a-4780-9234-5d2bdb1f7e37;1625402387032;oth/home
40bff867-5d5a-4780-9234-5d2bdb1f7e37;1625405100991;oth/karten
40bff867-5d5a-4780-9234-5d2bdb1f7e37;1625405103012;mw/geschichte-von-maehrisch-wiesen
40bff867-5d5a-4780-9234-5d2bdb1f7e37;1625405170820;mw/geschichte-von-maehrisch-wiesen
40bff867-5d5a-4780-9234-5d2bdb1f7e37;1625405220563;mw/geschichte-von-maehrisch-wiesen
40bff867-5d5a-4780-9234-5d2bdb1f7e37;1625405224776;mw/geschichte-von-maehrisch-wiesen
40bff867-5d5a-4780-9234-5d2bdb1f7e37;1625405344788;mw/geschichte-von-maehrisch-wiesen
40bff867-5d5a-4780-9234-5d2bdb1f7e37;1625405376726;mw/geschichte-von-maehrisch-wiesen
40bff867-5d5a-4780-9234-5d2bdb1f7e37;1625405403720;mw/geschichte-von-maehrisch-wiesen
40bff867-5d5a-4780-9234-5d2bdb1f7e37;1625406183695;mw/geschichte-von-maehrisch-wiesen
40bff867-5d5a-4780-9234-5d2bdb1f7e37;1625406227277;mw/geschichte-von-maehrisch-wiesen
40bff867-5d5a-4780-9234-5d2bdb1f7e37;1625406260107;mw/geschichte-von-maehrisch-wiesen
40bff867-5d5a-4780-9234-5d2bdb1f7e37;1625406267875;mw/geschichte-von-maehrisch-wiesen
40bff867-5d5a-4780-9234-5d2bdb1f7e37;1625406289495;mw/geschichte-von-maehrisch-wiesen
40bff867-5d5a-4780-9234-5d2bdb1f7e37;1625406522511;mw/geschichte-von-maehrisch-wiesen
40bff867-5d5a-4780-9234-5d2bdb1f7e37;1625406527586;mw/geschichte-von-maehrisch-wiesen
40bff867-5d5a-4780-9234-5d2bdb1f7e37;1625406599413;mw/geschichte-von-maehrisch-wiesen
40bff867-5d5a-4780-9234-5d2bdb1f7e37;1625406611916;mw/geschichte-von-maehrisch-wiesen
40bff867-5d5a-4780-9234-5d2bdb1f7e37;1625406615344;mw/geschichte-von-maehrisch-wiesen
40bff867-5d5a-4780-9234-5d2bdb1f7e37;1625406656194;mw/geschichte-von-maehrisch-wiesen
40bff867-5d5a-4780-9234-5d2bdb1f7e37;1625406678868;mw/geschichte-von-maehrisch-wiesen
40bff867-5d5a-4780-9234-5d2bdb1f7e37;1625406736772;mw/geschichte-von-maehrisch-wiesen
40bff867-5d5a-4780-9234-5d2bdb1f7e37;1625406748728;mw/geschichte-von-maehrisch-wiesen
40bff867-5d5a-4780-9234-5d2bdb1f7e37;1625406775298;mw/geschichte-von-maehrisch-wiesen
40bff867-5d5a-4780-9234-5d2bdb1f7e37;1625406803076;mw/geschichte-von-maehrisch-wiesen
40bff867-5d5a-4780-9234-5d2bdb1f7e37;1625406824957;mw/geschichte-von-maehrisch-wiesen
40bff867-5d5a-4780-9234-5d2bdb1f7e37;1625406837086;mw/geschichte-von-maehrisch-wiesen
40bff867-5d5a-4780-9234-5d2bdb1f7e37;1625407047912;mw/geschichte-von-maehrisch-wiesen
40bff867-5d5a-4780-9234-5d2bdb1f7e37;1625407082437;mw/geschichte-von-maehrisch-wiesen
40bff867-5d5a-4780-9234-5d2bdb1f7e37;1625407106543;mw/geschichte-von-maehrisch-wiesen
40bff867-5d5a-4780-9234-5d2bdb1f7e37;1625407143879;mw/geschichte-von-maehrisch-wiesen
40bff867-5d5a-4780-9234-5d2bdb1f7e37;1625505790894;oth/home
40bff867-5d5a-4780-9234-5d2bdb1f7e37;1625505795418;mw/geschichte-von-maehrisch-wiesen
40bff867-5d5a-4780-9234-5d2bdb1f7e37;1625505830407;mw/geschichte-von-maehrisch-wiesen
40bff867-5d5a-4780-9234-5d2bdb1f7e37;1625505842782;mw/geschichte-von-maehrisch-wiesen
40bff867-5d5a-4780-9234-5d2bdb1f7e37;1625505843884;mw/geschichte-von-maehrisch-wiesen
40bff867-5d5a-4780-9234-5d2bdb1f7e37;1625505870129;mw/geschichte-von-maehrisch-wiesen
40bff867-5d5a-4780-9234-5d2bdb1f7e37;1625505932723;mw/geschichte-von-maehrisch-wiesen
40bff867-5d5a-4780-9234-5d2bdb1f7e37;1625505933569;mw/geschichte-von-maehrisch-wiesen
40bff867-5d5a-4780-9234-5d2bdb1f7e37;1625589088081;oth/home
40bff867-5d5a-4780-9234-5d2bdb1f7e37;1625589091264;mw/geschichte-von-maehrisch-wiesen
9e6d0f5d-3d63-497e-95b7-a35f3b9dab2e;1625589107498;oth/home
40bff867-5d5a-4780-9234-5d2bdb1f7e37;1625589121340;mw/geschichte-von-maehrisch-wiesen
9e6d0f5d-3d63-497e-95b7-a35f3b9dab2e;1625589122821;mw/geschichte-von-maehrisch-wiesen
9e6d0f5d-3d63-497e-95b7-a35f3b9dab2e;1625589232802;mw/ort-maehrisch-wiesen
9e6d0f5d-3d63-497e-95b7-a35f3b9dab2e;1625589236140;bw/ort-boehmisch-wiesen
40bff867-5d5a-4780-9234-5d2bdb1f7e37;1625589274489;mw/volkszaehlungen
40bff867-5d5a-4780-9234-5d2bdb1f7e37;1625589319850;mw/geschichte-von-maehrisch-wiesen
40bff867-5d5a-4780-9234-5d2bdb1f7e37;1625589336331;mw/geschichte-von-maehrisch-wiesen
40bff867-5d5a-4780-9234-5d2bdb1f7e37;1625589346857;mw/geschichte-von-maehrisch-wiesen
40bff867-5d5a-4780-9234-5d2bdb1f7e37;1625589354161;mw/volkszaehlungen
40bff867-5d5a-4780-9234-5d2bdb1f7e37;1625589357571;mw/geschichte-von-maehrisch-wiesen
40bff867-5d5a-4780-9234-5d2bdb1f7e37;1625589379436;mw/geschichte-von-maehrisch-wiesen
40bff867-5d5a-4780-9234-5d2bdb1f7e37;1625589428465;mw/geschichte-von-maehrisch-wiesen
40bff867-5d5a-4780-9234-5d2bdb1f7e37;1625589443106;mw/geschichte-von-maehrisch-wiesen
40bff867-5d5a-4780-9234-5d2bdb1f7e37;1625589497266;mw/geschichte-von-maehrisch-wiesen
40bff867-5d5a-4780-9234-5d2bdb1f7e37;1625589513333;mw/geschichte-von-maehrisch-wiesen
40bff867-5d5a-4780-9234-5d2bdb1f7e37;1625589526056;mw/geschichte-von-maehrisch-wiesen
40bff867-5d5a-4780-9234-5d2bdb1f7e37;1625589537107;mw/geschichte-von-maehrisch-wiesen
40bff867-5d5a-4780-9234-5d2bdb1f7e37;1625589546306;mw/geschichte-von-maehrisch-wiesen
40bff867-5d5a-4780-9234-5d2bdb1f7e37;1625589556390;mw/geschichte-von-maehrisch-wiesen
40bff867-5d5a-4780-9234-5d2bdb1f7e37;1625589581558;mw/geschichte-von-maehrisch-wiesen
9e6d0f5d-3d63-497e-95b7-a35f3b9dab2e;1625589811700;mw/ort-maehrisch-wiesen
9e6d0f5d-3d63-497e-95b7-a35f3b9dab2e;1625591506393;oth/home
9e6d0f5d-3d63-497e-95b7-a35f3b9dab2e;1625591540338;oth/kontakt
9e6d0f5d-3d63-497e-95b7-a35f3b9dab2e;1625591547674;oth/karten
9e6d0f5d-3d63-497e-95b7-a35f3b9dab2e;1625591549992;oth/genealogie
9e6d0f5d-3d63-497e-95b7-a35f3b9dab2e;1625591563630;oth/genealogie
9e6d0f5d-3d63-497e-95b7-a35f3b9dab2e;1625591578480;oth/karten
9e6d0f5d-3d63-497e-95b7-a35f3b9dab2e;1625591592123;oth/genealogie
9e6d0f5d-3d63-497e-95b7-a35f3b9dab2e;1625591732957;oth/genealogie
40bff867-5d5a-4780-9234-5d2bdb1f7e37;1625591736346;oth/genealogie
40bff867-5d5a-4780-9234-5d2bdb1f7e37;1625591744091;oth/genealogie
9e6d0f5d-3d63-497e-95b7-a35f3b9dab2e;1625591882208;oth/genealogie
40bff867-5d5a-4780-9234-5d2bdb1f7e37;1625591956465;oth/genealogie
40bff867-5d5a-4780-9234-5d2bdb1f7e37;1625591966256;mw/geschichte-von-maehrisch-wiesen
9e6d0f5d-3d63-497e-95b7-a35f3b9dab2e;1625591970321;oth/genealogie
9e6d0f5d-3d63-497e-95b7-a35f3b9dab2e;1625591979263;oth/home
40bff867-5d5a-4780-9234-5d2bdb1f7e37;1625591982356;oth/genealogie
9e6d0f5d-3d63-497e-95b7-a35f3b9dab2e;1625591985020;mw/ort-maehrisch-wiesen
40bff867-5d5a-4780-9234-5d2bdb1f7e37;1625591998331;mw/geschichte-von-maehrisch-wiesen
9e6d0f5d-3d63-497e-95b7-a35f3b9dab2e;1625592004182;oth/home
9e6d0f5d-3d63-497e-95b7-a35f3b9dab2e;1625592020710;mw/ort-maehrisch-wiesen
9e6d0f5d-3d63-497e-95b7-a35f3b9dab2e;1625592040371;bw/volksschule-boehmisch-wiesen
9e6d0f5d-3d63-497e-95b7-a35f3b9dab2e;1625592049788;oth/genealogie
9e6d0f5d-3d63-497e-95b7-a35f3b9dab2e;1625592067060;oth/home
9e6d0f5d-3d63-497e-95b7-a35f3b9dab2e;1625592070302;bw/ort-boehmisch-wiesen
40bff867-5d5a-4780-9234-5d2bdb1f7e37;1625592274845;mw/geschichte-von-maehrisch-wiesen
40bff867-5d5a-4780-9234-5d2bdb1f7e37;1625592338454;mw/geschichte-von-maehrisch-wiesen
40bff867-5d5a-4780-9234-5d2bdb1f7e37;1625592366418;oth/home
40bff867-5d5a-4780-9234-5d2bdb1f7e37;1625592417204;oth/home
40bff867-5d5a-4780-9234-5d2bdb1f7e37;1625592435173;oth/home
40bff867-5d5a-4780-9234-5d2bdb1f7e37;1625592439848;mw/ort-maehrisch-wiesen
40bff867-5d5a-4780-9234-5d2bdb1f7e37;1625592443807;mw/geschichte-von-maehrisch-wiesen
40bff867-5d5a-4780-9234-5d2bdb1f7e37;1625592463200;mw/geschichte-von-maehrisch-wiesen
40bff867-5d5a-4780-9234-5d2bdb1f7e37;1625592519479;mw/geschichte-von-maehrisch-wiesen
40bff867-5d5a-4780-9234-5d2bdb1f7e37;1625592679597;mw/geschichte-von-maehrisch-wiesen
9e6d0f5d-3d63-497e-95b7-a35f3b9dab2e;1625592910200;oth/genealogie
9e6d0f5d-3d63-497e-95b7-a35f3b9dab2e;1625592916067;mw/volkszaehlungen
9e6d0f5d-3d63-497e-95b7-a35f3b9dab2e;1625592921599;oth/home
9e6d0f5d-3d63-497e-95b7-a35f3b9dab2e;1625592929661;bw/ort-boehmisch-wiesen
9e6d0f5d-3d63-497e-95b7-a35f3b9dab2e;1625592934539;oth/genealogie
40bff867-5d5a-4780-9234-5d2bdb1f7e37;1625593253875;mw/geschichte-von-maehrisch-wiesen
40bff867-5d5a-4780-9234-5d2bdb1f7e37;1625593263496;mw/geschichte-von-maehrisch-wiesen
40bff867-5d5a-4780-9234-5d2bdb1f7e37;1625593291317;mw/geschichte-von-maehrisch-wiesen
9e6d0f5d-3d63-497e-95b7-a35f3b9dab2e;1625593465035;oth/home
9e6d0f5d-3d63-497e-95b7-a35f3b9dab2e;1625593470084;oth/karten
9e6d0f5d-3d63-497e-95b7-a35f3b9dab2e;1625593471780;oth/kontakt
9e6d0f5d-3d63-497e-95b7-a35f3b9dab2e;1625593472950;bw/ort-boehmisch-wiesen
9e6d0f5d-3d63-497e-95b7-a35f3b9dab2e;1625593474605;mw/geschichte-von-maehrisch-wiesen
9e6d0f5d-3d63-497e-95b7-a35f3b9dab2e;1625594226596;mw/ort-maehrisch-wiesen
9e6d0f5d-3d63-497e-95b7-a35f3b9dab2e;1625594229039;oth/home
9e6d0f5d-3d63-497e-95b7-a35f3b9dab2e;1625594230683;mw/der-menschenschlag-von-maehrisch-wiesen
9e6d0f5d-3d63-497e-95b7-a35f3b9dab2e;1625594233164;oth/kontakt
9e6d0f5d-3d63-497e-95b7-a35f3b9dab2e;1625594234515;bw/geschichte-von-boehmisch-wiesen
9e6d0f5d-3d63-497e-95b7-a35f3b9dab2e;1625597451544;mw/ort-maehrisch-wiesen
40bff867-5d5a-4780-9234-5d2bdb1f7e37;1625927253144;oth/home
40bff867-5d5a-4780-9234-5d2bdb1f7e37;1625927300640;oth/home
40bff867-5d5a-4780-9234-5d2bdb1f7e37;1625927313293;oth/home
40bff867-5d5a-4780-9234-5d2bdb1f7e37;1625932506217;oth/home
40bff867-5d5a-4780-9234-5d2bdb1f7e37;1625932599089;oth/home
40bff867-5d5a-4780-9234-5d2bdb1f7e37;1625933429969;oth/home
40bff867-5d5a-4780-9234-5d2bdb1f7e37;1625933571653;oth/home
40bff867-5d5a-4780-9234-5d2bdb1f7e37;1625933612633;oth/home
40bff867-5d5a-4780-9234-5d2bdb1f7e37;1625933625216;oth/home
40bff867-5d5a-4780-9234-5d2bdb1f7e37;1625933674628;oth/home
40bff867-5d5a-4780-9234-5d2bdb1f7e37;1625933681213;oth/home
40bff867-5d5a-4780-9234-5d2bdb1f7e37;1625933698725;oth/home
40bff867-5d5a-4780-9234-5d2bdb1f7e37;1625933703572;oth/home
40bff867-5d5a-4780-9234-5d2bdb1f7e37;1625933709090;oth/home
40bff867-5d5a-4780-9234-5d2bdb1f7e37;1625933715112;oth/home
40bff867-5d5a-4780-9234-5d2bdb1f7e37;1625933721502;oth/home
40bff867-5d5a-4780-9234-5d2bdb1f7e37;1625933863876;oth/home
40bff867-5d5a-4780-9234-5d2bdb1f7e37;1625933887792;oth/home
40bff867-5d5a-4780-9234-5d2bdb1f7e37;1625933892474;oth/home
40bff867-5d5a-4780-9234-5d2bdb1f7e37;1625934026113;oth/home
40bff867-5d5a-4780-9234-5d2bdb1f7e37;1625935992194;mw/geschichte-von-maehrisch-wiesen
40bff867-5d5a-4780-9234-5d2bdb1f7e37;1625936108683;oth/home
40bff867-5d5a-4780-9234-5d2bdb1f7e37;1625936138518;oth/home
40bff867-5d5a-4780-9234-5d2bdb1f7e37;1625936140142;oth/home
40bff867-5d5a-4780-9234-5d2bdb1f7e37;1625936141030;mw/ort-maehrisch-wiesen
40bff867-5d5a-4780-9234-5d2bdb1f7e37;1625936157593;mw/ort-maehrisch-wiesen
40bff867-5d5a-4780-9234-5d2bdb1f7e37;1625936163620;mw/ort-maehrisch-wiesen
40bff867-5d5a-4780-9234-5d2bdb1f7e37;1625936166626;oth/home
40bff867-5d5a-4780-9234-5d2bdb1f7e37;1625936168629;mw/ort-maehrisch-wiesen
40bff867-5d5a-4780-9234-5d2bdb1f7e37;1625936170258;oth/karten
40bff867-5d5a-4780-9234-5d2bdb1f7e37;1625936175725;oth/home
40bff867-5d5a-4780-9234-5d2bdb1f7e37;1625936176468;mw/ort-maehrisch-wiesen
40bff867-5d5a-4780-9234-5d2bdb1f7e37;1625936189918;bw/volksschule-boehmisch-wiesen
40bff867-5d5a-4780-9234-5d2bdb1f7e37;1625936244665;oth/home
40bff867-5d5a-4780-9234-5d2bdb1f7e37;1625936255128;oth/karten
40bff867-5d5a-4780-9234-5d2bdb1f7e37;1625936266268;oth/karten
40bff867-5d5a-4780-9234-5d2bdb1f7e37;1625936269708;oth/home
40bff867-5d5a-4780-9234-5d2bdb1f7e37;1625936277776;oth/home
40bff867-5d5a-4780-9234-5d2bdb1f7e37;1625936280488;bw/volksschule-boehmisch-wiesen
40bff867-5d5a-4780-9234-5d2bdb1f7e37;1625936282421;bw/geschichte-von-boehmisch-wiesen
40bff867-5d5a-4780-9234-5d2bdb1f7e37;1625936296091;bw/geschichte-von-boehmisch-wiesen
40bff867-5d5a-4780-9234-5d2bdb1f7e37;1625936297870;bw/geschichte-von-boehmisch-wiesen
40bff867-5d5a-4780-9234-5d2bdb1f7e37;1625936299342;oth/home
40bff867-5d5a-4780-9234-5d2bdb1f7e37;1625936323365;oth/home
40bff867-5d5a-4780-9234-5d2bdb1f7e37;1625936325587;mw/ort-maehrisch-wiesen
40bff867-5d5a-4780-9234-5d2bdb1f7e37;1625936343675;mw/ort-maehrisch-wiesen
40bff867-5d5a-4780-9234-5d2bdb1f7e37;1625936346074;oth/home
40bff867-5d5a-4780-9234-5d2bdb1f7e37;1625936503622;oth/genealogie
40bff867-5d5a-4780-9234-5d2bdb1f7e37;1625936509908;oth/genealogie
40bff867-5d5a-4780-9234-5d2bdb1f7e37;1625936531780;oth/home
40bff867-5d5a-4780-9234-5d2bdb1f7e37;1625936570080;oth/home
40bff867-5d5a-4780-9234-5d2bdb1f7e37;1625936601029;oth/home
40bff867-5d5a-4780-9234-5d2bdb1f7e37;1625936611544;oth/home
40bff867-5d5a-4780-9234-5d2bdb1f7e37;1625936616864;oth/home
40bff867-5d5a-4780-9234-5d2bdb1f7e37;1625936620149;oth/home
40bff867-5d5a-4780-9234-5d2bdb1f7e37;1625936625387;oth/home
40bff867-5d5a-4780-9234-5d2bdb1f7e37;1625936630763;oth/home
40bff867-5d5a-4780-9234-5d2bdb1f7e37;1625936631678;oth/home
40bff867-5d5a-4780-9234-5d2bdb1f7e37;1625936632217;oth/home
40bff867-5d5a-4780-9234-5d2bdb1f7e37;1625936632421;oth/home
40bff867-5d5a-4780-9234-5d2bdb1f7e37;1625936635638;oth/home
40bff867-5d5a-4780-9234-5d2bdb1f7e37;1625936637416;oth/home
40bff867-5d5a-4780-9234-5d2bdb1f7e37;1625936641083;oth/home
40bff867-5d5a-4780-9234-5d2bdb1f7e37;1625936648078;oth/home
40bff867-5d5a-4780-9234-5d2bdb1f7e37;1625936652377;oth/home
40bff867-5d5a-4780-9234-5d2bdb1f7e37;1625936653076;oth/home
40bff867-5d5a-4780-9234-5d2bdb1f7e37;1625936653796;oth/home
40bff867-5d5a-4780-9234-5d2bdb1f7e37;1625936657216;oth/home
40bff867-5d5a-4780-9234-5d2bdb1f7e37;1625936660840;oth/home
40bff867-5d5a-4780-9234-5d2bdb1f7e37;1625937079178;oth/home
40bff867-5d5a-4780-9234-5d2bdb1f7e37;1625937088648;mw/volkszaehlungen
40bff867-5d5a-4780-9234-5d2bdb1f7e37;1625937090631;bw/volksschule-boehmisch-wiesen
40bff867-5d5a-4780-9234-5d2bdb1f7e37;1625937105805;bw/volksschule-boehmisch-wiesen
40bff867-5d5a-4780-9234-5d2bdb1f7e37;1625937119573;bw/volksschule-boehmisch-wiesen
40bff867-5d5a-4780-9234-5d2bdb1f7e37;1625937249825;bw/volksschule-boehmisch-wiesen
40bff867-5d5a-4780-9234-5d2bdb1f7e37;1625937251145;bw/volksschule-boehmisch-wiesen
40bff867-5d5a-4780-9234-5d2bdb1f7e37;1625937254187;bw/volksschule-boehmisch-wiesen
40bff867-5d5a-4780-9234-5d2bdb1f7e37;1625937262716;bw/volksschule-boehmisch-wiesen
40bff867-5d5a-4780-9234-5d2bdb1f7e37;1625937266972;bw/volksschule-boehmisch-wiesen
40bff867-5d5a-4780-9234-5d2bdb1f7e37;1625937271494;bw/volksschule-boehmisch-wiesen
40bff867-5d5a-4780-9234-5d2bdb1f7e37;1625937276188;bw/volksschule-boehmisch-wiesen
40bff867-5d5a-4780-9234-5d2bdb1f7e37;1625937279823;oth/home
40bff867-5d5a-4780-9234-5d2bdb1f7e37;1625937302744;oth/home
40bff867-5d5a-4780-9234-5d2bdb1f7e37;1625937308684;oth/home
40bff867-5d5a-4780-9234-5d2bdb1f7e37;1625937334241;oth/home
40bff867-5d5a-4780-9234-5d2bdb1f7e37;1625937341854;oth/kontakt
40bff867-5d5a-4780-9234-5d2bdb1f7e37;1625937349673;oth/karten
40bff867-5d5a-4780-9234-5d2bdb1f7e37;1625937351238;bw/volksschule-boehmisch-wiesen
40bff867-5d5a-4780-9234-5d2bdb1f7e37;1625937353354;oth/home
40bff867-5d5a-4780-9234-5d2bdb1f7e37;1625937357402;mw/ort-maehrisch-wiesen
40bff867-5d5a-4780-9234-5d2bdb1f7e37;1625937358776;mw/geschichte-von-maehrisch-wiesen
40bff867-5d5a-4780-9234-5d2bdb1f7e37;1625937363962;mw/geschichte-von-maehrisch-wiesen
40bff867-5d5a-4780-9234-5d2bdb1f7e37;1625937365322;mw/geschichte-von-maehrisch-wiesen
40bff867-5d5a-4780-9234-5d2bdb1f7e37;1625937365886;mw/der-menschenschlag-von-maehrisch-wiesen
40bff867-5d5a-4780-9234-5d2bdb1f7e37;1625937370004;bw/ort-boehmisch-wiesen
40bff867-5d5a-4780-9234-5d2bdb1f7e37;1625937372444;bw/geschichte-von-boehmisch-wiesen
40bff867-5d5a-4780-9234-5d2bdb1f7e37;1625937373658;bw/volksschule-boehmisch-wiesen
40bff867-5d5a-4780-9234-5d2bdb1f7e37;1625937375178;oth/karten
40bff867-5d5a-4780-9234-5d2bdb1f7e37;1625937378811;oth/genealogie
40bff867-5d5a-4780-9234-5d2bdb1f7e37;1625937379969;oth/kontakt
40bff867-5d5a-4780-9234-5d2bdb1f7e37;1625937381715;oth/genealogie
40bff867-5d5a-4780-9234-5d2bdb1f7e37;1625937382985;oth/home
40bff867-5d5a-4780-9234-5d2bdb1f7e37;1625937467354;oth/home
40bff867-5d5a-4780-9234-5d2bdb1f7e37;1625937469083;oth/home
40bff867-5d5a-4780-9234-5d2bdb1f7e37;1625937476712;oth/home
40bff867-5d5a-4780-9234-5d2bdb1f7e37;1625937484184;oth/home
40bff867-5d5a-4780-9234-5d2bdb1f7e37;1625937492799;oth/home
5b1b7473-7312-4a5f-b20b-479d8b80fe07;1625938445394;oth/home
40bff867-5d5a-4780-9234-5d2bdb1f7e37;1625939046177;oth/home
40bff867-5d5a-4780-9234-5d2bdb1f7e37;1625939053165;oth/kontakt
40bff867-5d5a-4780-9234-5d2bdb1f7e37;1625939066553;oth/kontakt
5b1b7473-7312-4a5f-b20b-479d8b80fe07;1625942804469;mw/geschichte-von-maehrisch-wiesen
40bff867-5d5a-4780-9234-5d2bdb1f7e37;1626080284125;oth/home
40bff867-5d5a-4780-9234-5d2bdb1f7e37;1626080343324;mw/ort-maehrisch-wiesen
40bff867-5d5a-4780-9234-5d2bdb1f7e37;1626080345469;oth/home
40bff867-5d5a-4780-9234-5d2bdb1f7e37;1626080365730;oth/home
40bff867-5d5a-4780-9234-5d2bdb1f7e37;1626080366662;oth/home
40bff867-5d5a-4780-9234-5d2bdb1f7e37;1626080367391;oth/home
40bff867-5d5a-4780-9234-5d2bdb1f7e37;1626080369652;oth/home
40bff867-5d5a-4780-9234-5d2bdb1f7e37;1626080397319;oth/home
40bff867-5d5a-4780-9234-5d2bdb1f7e37;1626080398531;oth/home
40bff867-5d5a-4780-9234-5d2bdb1f7e37;1626080411167;oth/home
40bff867-5d5a-4780-9234-5d2bdb1f7e37;1626080411998;oth/home
40bff867-5d5a-4780-9234-5d2bdb1f7e37;1626080413044;oth/home
40bff867-5d5a-4780-9234-5d2bdb1f7e37;1626080414271;mw/ort-maehrisch-wiesen
40bff867-5d5a-4780-9234-5d2bdb1f7e37;1626080415609;oth/home
40bff867-5d5a-4780-9234-5d2bdb1f7e37;1626080416735;mw/geschichte-von-maehrisch-wiesen
40bff867-5d5a-4780-9234-5d2bdb1f7e37;1626080419456;oth/home
40bff867-5d5a-4780-9234-5d2bdb1f7e37;1626080427659;oth/home
40bff867-5d5a-4780-9234-5d2bdb1f7e37;1626080435465;mw/ort-maehrisch-wiesen
40bff867-5d5a-4780-9234-5d2bdb1f7e37;1626080437155;mw/geschichte-von-maehrisch-wiesen
40bff867-5d5a-4780-9234-5d2bdb1f7e37;1626080634544;mw/geschichte-von-maehrisch-wiesen
40bff867-5d5a-4780-9234-5d2bdb1f7e37;1626080656878;mw/geschichte-von-maehrisch-wiesen
40bff867-5d5a-4780-9234-5d2bdb1f7e37;1626080683348;oth/home
40bff867-5d5a-4780-9234-5d2bdb1f7e37;1626080696341;mw/der-menschenschlag-von-maehrisch-wiesen
40bff867-5d5a-4780-9234-5d2bdb1f7e37;1626080841878;mw/der-menschenschlag-von-maehrisch-wiesen
40bff867-5d5a-4780-9234-5d2bdb1f7e37;1626080844279;mw/der-menschenschlag-von-maehrisch-wiesen
40bff867-5d5a-4780-9234-5d2bdb1f7e37;1626080844974;mw/der-menschenschlag-von-maehrisch-wiesen
40bff867-5d5a-4780-9234-5d2bdb1f7e37;1626080863728;mw/geschichte-von-maehrisch-wiesen
40bff867-5d5a-4780-9234-5d2bdb1f7e37;1626080867240;oth/home
40bff867-5d5a-4780-9234-5d2bdb1f7e37;1626080920298;oth/home
40bff867-5d5a-4780-9234-5d2bdb1f7e37;1626080959102;bw/ort-boehmisch-wiesen
40bff867-5d5a-4780-9234-5d2bdb1f7e37;1626080963573;oth/karten
40bff867-5d5a-4780-9234-5d2bdb1f7e37;1626081016525;oth/karten
40bff867-5d5a-4780-9234-5d2bdb1f7e37;1626081084809;oth/karten
40bff867-5d5a-4780-9234-5d2bdb1f7e37;1626081095049;oth/karten
40bff867-5d5a-4780-9234-5d2bdb1f7e37;1626081107156;oth/karten
40bff867-5d5a-4780-9234-5d2bdb1f7e37;1626081113908;oth/karten
40bff867-5d5a-4780-9234-5d2bdb1f7e37;1626081216539;oth/karten
40bff867-5d5a-4780-9234-5d2bdb1f7e37;1626081229109;oth/karten
40bff867-5d5a-4780-9234-5d2bdb1f7e37;1626081246406;oth/home
40bff867-5d5a-4780-9234-5d2bdb1f7e37;1626081330245;oth/home
40bff867-5d5a-4780-9234-5d2bdb1f7e37;1626081364859;oth/home
40bff867-5d5a-4780-9234-5d2bdb1f7e37;1626081389914;oth/home
40bff867-5d5a-4780-9234-5d2bdb1f7e37;1626081407461;oth/home
40bff867-5d5a-4780-9234-5d2bdb1f7e37;1626081416727;oth/home
40bff867-5d5a-4780-9234-5d2bdb1f7e37;1626081455645;oth/karten
40bff867-5d5a-4780-9234-5d2bdb1f7e37;1626081471720;oth/genealogie
40bff867-5d5a-4780-9234-5d2bdb1f7e37;1626081496256;oth/home
40bff867-5d5a-4780-9234-5d2bdb1f7e37;1626081532346;mw/geschichte-von-maehrisch-wiesen
40bff867-5d5a-4780-9234-5d2bdb1f7e37;1626081661943;oth/home
40bff867-5d5a-4780-9234-5d2bdb1f7e37;1626081705399;oth/home
40bff867-5d5a-4780-9234-5d2bdb1f7e37;1626081710802;oth/home
40bff867-5d5a-4780-9234-5d2bdb1f7e37;1626081712243;oth/home
40bff867-5d5a-4780-9234-5d2bdb1f7e37;1626081716160;oth/home
40bff867-5d5a-4780-9234-5d2bdb1f7e37;1626081717195;oth/home
40bff867-5d5a-4780-9234-5d2bdb1f7e37;1626081717891;oth/home
40bff867-5d5a-4780-9234-5d2bdb1f7e37;1626081724109;oth/home
40bff867-5d5a-4780-9234-5d2bdb1f7e37;1626081724815;oth/home
40bff867-5d5a-4780-9234-5d2bdb1f7e37;1626081725006;oth/home
40bff867-5d5a-4780-9234-5d2bdb1f7e37;1626081725516;oth/home
40bff867-5d5a-4780-9234-5d2bdb1f7e37;1626081729660;oth/home
40bff867-5d5a-4780-9234-5d2bdb1f7e37;1626081730016;oth/home
40bff867-5d5a-4780-9234-5d2bdb1f7e37;1626081730668;oth/home
40bff867-5d5a-4780-9234-5d2bdb1f7e37;1626081779968;oth/home
40bff867-5d5a-4780-9234-5d2bdb1f7e37;1626081787771;oth/home
40bff867-5d5a-4780-9234-5d2bdb1f7e37;1626081790561;mw/geschichte-von-maehrisch-wiesen
40bff867-5d5a-4780-9234-5d2bdb1f7e37;1626081846052;oth/home
40bff867-5d5a-4780-9234-5d2bdb1f7e37;1626082042619;oth/home
40bff867-5d5a-4780-9234-5d2bdb1f7e37;1626082053119;oth/home
40bff867-5d5a-4780-9234-5d2bdb1f7e37;1626082856901;oth/home
40bff867-5d5a-4780-9234-5d2bdb1f7e37;1626082888393;oth/home
40bff867-5d5a-4780-9234-5d2bdb1f7e37;1626082910029;oth/home
40bff867-5d5a-4780-9234-5d2bdb1f7e37;1626082939725;oth/home
40bff867-5d5a-4780-9234-5d2bdb1f7e37;1626083978553;oth/home
40bff867-5d5a-4780-9234-5d2bdb1f7e37;1626083988188;mw/ort-maehrisch-wiesen
40bff867-5d5a-4780-9234-5d2bdb1f7e37;1626083990245;mw/geschichte-von-maehrisch-wiesen
40bff867-5d5a-4780-9234-5d2bdb1f7e37;1626084248121;mw/geschichte-von-maehrisch-wiesen
40bff867-5d5a-4780-9234-5d2bdb1f7e37;1626084248724;mw/geschichte-von-maehrisch-wiesen
40bff867-5d5a-4780-9234-5d2bdb1f7e37;1626084249260;mw/geschichte-von-maehrisch-wiesen
40bff867-5d5a-4780-9234-5d2bdb1f7e37;1626084249824;mw/geschichte-von-maehrisch-wiesen
40bff867-5d5a-4780-9234-5d2bdb1f7e37;1626084250318;mw/geschichte-von-maehrisch-wiesen
40bff867-5d5a-4780-9234-5d2bdb1f7e37;1626084258477;oth/home
40bff867-5d5a-4780-9234-5d2bdb1f7e37;1626084448049;oth/home
40bff867-5d5a-4780-9234-5d2bdb1f7e37;1626084507859;oth/home
40bff867-5d5a-4780-9234-5d2bdb1f7e37;1626084661241;oth/home
40bff867-5d5a-4780-9234-5d2bdb1f7e37;1626084682982;oth/home
40bff867-5d5a-4780-9234-5d2bdb1f7e37;1626084695831;oth/home
40bff867-5d5a-4780-9234-5d2bdb1f7e37;1626084759607;mw/ort-maehrisch-wiesen
40bff867-5d5a-4780-9234-5d2bdb1f7e37;1626084761934;mw/geschichte-von-maehrisch-wiesen
40bff867-5d5a-4780-9234-5d2bdb1f7e37;1626084771024;mw/der-menschenschlag-von-maehrisch-wiesen
40bff867-5d5a-4780-9234-5d2bdb1f7e37;1626084771711;bw/ort-boehmisch-wiesen
40bff867-5d5a-4780-9234-5d2bdb1f7e37;1626084772723;oth/home
40bff867-5d5a-4780-9234-5d2bdb1f7e37;1626084777527;mw/ort-maehrisch-wiesen
40bff867-5d5a-4780-9234-5d2bdb1f7e37;1626084783838;oth/home
40bff867-5d5a-4780-9234-5d2bdb1f7e37;1626084800420;mw/ort-maehrisch-wiesen
40bff867-5d5a-4780-9234-5d2bdb1f7e37;1626084805775;oth/home
40bff867-5d5a-4780-9234-5d2bdb1f7e37;1626084809367;mw/geschichte-von-maehrisch-wiesen
40bff867-5d5a-4780-9234-5d2bdb1f7e37;1626084820536;oth/home
40bff867-5d5a-4780-9234-5d2bdb1f7e37;1626084839481;oth/karten
40bff867-5d5a-4780-9234-5d2bdb1f7e37;1626084841550;mw/volkszaehlungen
40bff867-5d5a-4780-9234-5d2bdb1f7e37;1626084844588;bw/volksschule-boehmisch-wiesen
40bff867-5d5a-4780-9234-5d2bdb1f7e37;1626084870407;oth/home
5b1b7473-7312-4a5f-b20b-479d8b80fe07;1626087013712;oth/home
40bff867-5d5a-4780-9234-5d2bdb1f7e37;1626087502047;mw/ort-maehrisch-wiesen
40bff867-5d5a-4780-9234-5d2bdb1f7e37;1626087503937;mw/geschichte-von-maehrisch-wiesen
40bff867-5d5a-4780-9234-5d2bdb1f7e37;1626087506199;mw/ort-maehrisch-wiesen
40bff867-5d5a-4780-9234-5d2bdb1f7e37;1626087507919;mw/geschichte-von-maehrisch-wiesen
40bff867-5d5a-4780-9234-5d2bdb1f7e37;1626087509337;mw/ort-maehrisch-wiesen
40bff867-5d5a-4780-9234-5d2bdb1f7e37;1626087516954;mw/geschichte-von-maehrisch-wiesen
40bff867-5d5a-4780-9234-5d2bdb1f7e37;1626087519508;oth/home
40bff867-5d5a-4780-9234-5d2bdb1f7e37;1626087523041;mw/geschichte-von-maehrisch-wiesen
40bff867-5d5a-4780-9234-5d2bdb1f7e37;1626087524199;mw/der-menschenschlag-von-maehrisch-wiesen
40bff867-5d5a-4780-9234-5d2bdb1f7e37;1626087526685;bw/ort-boehmisch-wiesen
40bff867-5d5a-4780-9234-5d2bdb1f7e37;1626087527844;mw/der-menschenschlag-von-maehrisch-wiesen
40bff867-5d5a-4780-9234-5d2bdb1f7e37;1626087528506;mw/geschichte-von-maehrisch-wiesen
40bff867-5d5a-4780-9234-5d2bdb1f7e37;1626087529914;mw/ort-maehrisch-wiesen
40bff867-5d5a-4780-9234-5d2bdb1f7e37;1626087530454;mw/geschichte-von-maehrisch-wiesen
40bff867-5d5a-4780-9234-5d2bdb1f7e37;1626087531219;mw/der-menschenschlag-von-maehrisch-wiesen
40bff867-5d5a-4780-9234-5d2bdb1f7e37;1626087532795;bw/ort-boehmisch-wiesen
40bff867-5d5a-4780-9234-5d2bdb1f7e37;1626087548217;bw/geschichte-von-boehmisch-wiesen
40bff867-5d5a-4780-9234-5d2bdb1f7e37;1626087551086;bw/ort-boehmisch-wiesen
40bff867-5d5a-4780-9234-5d2bdb1f7e37;1626087551772;bw/geschichte-von-boehmisch-wiesen
40bff867-5d5a-4780-9234-5d2bdb1f7e37;1626087552592;mw/volkszaehlungen
40bff867-5d5a-4780-9234-5d2bdb1f7e37;1626087567139;bw/volksschule-boehmisch-wiesen
40bff867-5d5a-4780-9234-5d2bdb1f7e37;1626087568681;mw/volkszaehlungen
40bff867-5d5a-4780-9234-5d2bdb1f7e37;1626087570628;bw/volksschule-boehmisch-wiesen
40bff867-5d5a-4780-9234-5d2bdb1f7e37;1626087572618;oth/karten
40bff867-5d5a-4780-9234-5d2bdb1f7e37;1626087577681;oth/genealogie
40bff867-5d5a-4780-9234-5d2bdb1f7e37;1626087602070;oth/kontakt
40bff867-5d5a-4780-9234-5d2bdb1f7e37;1626087613467;oth/home
40bff867-5d5a-4780-9234-5d2bdb1f7e37;1626087720754;oth/home
40bff867-5d5a-4780-9234-5d2bdb1f7e37;1626087721928;mw/ort-maehrisch-wiesen
40bff867-5d5a-4780-9234-5d2bdb1f7e37;1626087724210;mw/ort-maehrisch-wiesen
40bff867-5d5a-4780-9234-5d2bdb1f7e37;1626087727461;mw/ort-maehrisch-wiesen
40bff867-5d5a-4780-9234-5d2bdb1f7e37;1626087737013;mw/ort-maehrisch-wiesen
40bff867-5d5a-4780-9234-5d2bdb1f7e37;1626087739072;mw/ort-maehrisch-wiesen
40bff867-5d5a-4780-9234-5d2bdb1f7e37;1626087739623;mw/geschichte-von-maehrisch-wiesen
40bff867-5d5a-4780-9234-5d2bdb1f7e37;1626087740603;mw/der-menschenschlag-von-maehrisch-wiesen
40bff867-5d5a-4780-9234-5d2bdb1f7e37;1626087741749;bw/ort-boehmisch-wiesen
40bff867-5d5a-4780-9234-5d2bdb1f7e37;1626087743043;bw/geschichte-von-boehmisch-wiesen
40bff867-5d5a-4780-9234-5d2bdb1f7e37;1626087746127;bw/geschichte-von-boehmisch-wiesen
40bff867-5d5a-4780-9234-5d2bdb1f7e37;1626087748657;mw/geschichte-von-maehrisch-wiesen
40bff867-5d5a-4780-9234-5d2bdb1f7e37;1626087755948;bw/volksschule-boehmisch-wiesen
40bff867-5d5a-4780-9234-5d2bdb1f7e37;1626087757409;oth/karten
40bff867-5d5a-4780-9234-5d2bdb1f7e37;1626087760201;oth/genealogie
40bff867-5d5a-4780-9234-5d2bdb1f7e37;1626087762246;oth/kontakt
40bff867-5d5a-4780-9234-5d2bdb1f7e37;1626087767265;oth/home
40bff867-5d5a-4780-9234-5d2bdb1f7e37;1626087769549;mw/geschichte-von-maehrisch-wiesen
40bff867-5d5a-4780-9234-5d2bdb1f7e37;1626087935127;mw/geschichte-von-maehrisch-wiesen
40bff867-5d5a-4780-9234-5d2bdb1f7e37;1626088152155;oth/home
40bff867-5d5a-4780-9234-5d2bdb1f7e37;1626088323551;oth/home
40bff867-5d5a-4780-9234-5d2bdb1f7e37;1626088763224;oth/home
5b1b7473-7312-4a5f-b20b-479d8b80fe07;1626088768790;oth/null
40bff867-5d5a-4780-9234-5d2bdb1f7e37;1626088801955;oth/home
40bff867-5d5a-4780-9234-5d2bdb1f7e37;1626088813297;oth/home
40bff867-5d5a-4780-9234-5d2bdb1f7e37;1626088870630;oth/home
40bff867-5d5a-4780-9234-5d2bdb1f7e37;1626088881202;oth/home
40bff867-5d5a-4780-9234-5d2bdb1f7e37;1626088897962;oth/home
40bff867-5d5a-4780-9234-5d2bdb1f7e37;1626088937967;oth/home
40bff867-5d5a-4780-9234-5d2bdb1f7e37;1626089010088;oth/home
40bff867-5d5a-4780-9234-5d2bdb1f7e37;1626089070790;oth/home
40bff867-5d5a-4780-9234-5d2bdb1f7e37;1626089105714;oth/home
40bff867-5d5a-4780-9234-5d2bdb1f7e37;1626089111264;oth/home
40bff867-5d5a-4780-9234-5d2bdb1f7e37;1626089116627;oth/home
40bff867-5d5a-4780-9234-5d2bdb1f7e37;1626089137134;oth/home
40bff867-5d5a-4780-9234-5d2bdb1f7e37;1626089187121;oth/home
40bff867-5d5a-4780-9234-5d2bdb1f7e37;1626089197893;oth/home
40bff867-5d5a-4780-9234-5d2bdb1f7e37;1626089214083;oth/home
40bff867-5d5a-4780-9234-5d2bdb1f7e37;1626089215304;oth/home
40bff867-5d5a-4780-9234-5d2bdb1f7e37;1626089215555;oth/home
40bff867-5d5a-4780-9234-5d2bdb1f7e37;1626089215838;oth/home
40bff867-5d5a-4780-9234-5d2bdb1f7e37;1626089216043;oth/home
40bff867-5d5a-4780-9234-5d2bdb1f7e37;1626089216188;oth/home
40bff867-5d5a-4780-9234-5d2bdb1f7e37;1626089336540;oth/home
40bff867-5d5a-4780-9234-5d2bdb1f7e37;1626089360837;oth/home
40bff867-5d5a-4780-9234-5d2bdb1f7e37;1626089377640;oth/home
40bff867-5d5a-4780-9234-5d2bdb1f7e37;1626089384695;oth/home
40bff867-5d5a-4780-9234-5d2bdb1f7e37;1626089392470;mw/geschichte-von-maehrisch-wiesen
40bff867-5d5a-4780-9234-5d2bdb1f7e37;1626089392549;mw/null
40bff867-5d5a-4780-9234-5d2bdb1f7e37;1626089474752;mw/geschichte-von-maehrisch-wiesen
40bff867-5d5a-4780-9234-5d2bdb1f7e37;1626089474869;mw/null
40bff867-5d5a-4780-9234-5d2bdb1f7e37;1626089496527;mw/geschichte-von-maehrisch-wiesen
40bff867-5d5a-4780-9234-5d2bdb1f7e37;1626089496699;mw/null
40bff867-5d5a-4780-9234-5d2bdb1f7e37;1626089513513;oth/home
40bff867-5d5a-4780-9234-5d2bdb1f7e37;1626089515338;mw/geschichte-von-maehrisch-wiesen
40bff867-5d5a-4780-9234-5d2bdb1f7e37;1626089515396;mw/null
40bff867-5d5a-4780-9234-5d2bdb1f7e37;1626089526570;mw/geschichte-von-maehrisch-wiesen
40bff867-5d5a-4780-9234-5d2bdb1f7e37;1626089526677;mw/null
40bff867-5d5a-4780-9234-5d2bdb1f7e37;1626089598160;mw/geschichte-von-maehrisch-wiesen
40bff867-5d5a-4780-9234-5d2bdb1f7e37;1626089598211;mw/null
40bff867-5d5a-4780-9234-5d2bdb1f7e37;1626089599374;mw/geschichte-von-maehrisch-wiesen
40bff867-5d5a-4780-9234-5d2bdb1f7e37;1626089599443;mw/null
40bff867-5d5a-4780-9234-5d2bdb1f7e37;1626089599993;mw/geschichte-von-maehrisch-wiesen
40bff867-5d5a-4780-9234-5d2bdb1f7e37;1626089600053;mw/null
40bff867-5d5a-4780-9234-5d2bdb1f7e37;1626089600554;mw/geschichte-von-maehrisch-wiesen
40bff867-5d5a-4780-9234-5d2bdb1f7e37;1626089600616;mw/null
40bff867-5d5a-4780-9234-5d2bdb1f7e37;1626089601073;mw/geschichte-von-maehrisch-wiesen
40bff867-5d5a-4780-9234-5d2bdb1f7e37;1626089601126;mw/null
40bff867-5d5a-4780-9234-5d2bdb1f7e37;1626089601816;mw/geschichte-von-maehrisch-wiesen
40bff867-5d5a-4780-9234-5d2bdb1f7e37;1626089601870;mw/null
40bff867-5d5a-4780-9234-5d2bdb1f7e37;1626089602354;mw/geschichte-von-maehrisch-wiesen
40bff867-5d5a-4780-9234-5d2bdb1f7e37;1626089602405;mw/null
40bff867-5d5a-4780-9234-5d2bdb1f7e37;1626089602784;mw/geschichte-von-maehrisch-wiesen
40bff867-5d5a-4780-9234-5d2bdb1f7e37;1626089602851;mw/null
40bff867-5d5a-4780-9234-5d2bdb1f7e37;1626089603322;mw/geschichte-von-maehrisch-wiesen
40bff867-5d5a-4780-9234-5d2bdb1f7e37;1626089603363;mw/null
40bff867-5d5a-4780-9234-5d2bdb1f7e37;1626089603828;mw/geschichte-von-maehrisch-wiesen
40bff867-5d5a-4780-9234-5d2bdb1f7e37;1626089603885;mw/null
40bff867-5d5a-4780-9234-5d2bdb1f7e37;1626089604324;mw/geschichte-von-maehrisch-wiesen
40bff867-5d5a-4780-9234-5d2bdb1f7e37;1626089604374;mw/null
40bff867-5d5a-4780-9234-5d2bdb1f7e37;1626089604852;mw/geschichte-von-maehrisch-wiesen
40bff867-5d5a-4780-9234-5d2bdb1f7e37;1626089604895;mw/null
40bff867-5d5a-4780-9234-5d2bdb1f7e37;1626089605349;mw/geschichte-von-maehrisch-wiesen
40bff867-5d5a-4780-9234-5d2bdb1f7e37;1626089605409;mw/null
40bff867-5d5a-4780-9234-5d2bdb1f7e37;1626089605876;mw/geschichte-von-maehrisch-wiesen
40bff867-5d5a-4780-9234-5d2bdb1f7e37;1626089605930;mw/null
40bff867-5d5a-4780-9234-5d2bdb1f7e37;1626089696907;mw/geschichte-von-maehrisch-wiesen
40bff867-5d5a-4780-9234-5d2bdb1f7e37;1626089696972;mw/null
40bff867-5d5a-4780-9234-5d2bdb1f7e37;1626089722337;oth/home
40bff867-5d5a-4780-9234-5d2bdb1f7e37;1626089743593;oth/home
40bff867-5d5a-4780-9234-5d2bdb1f7e37;1626089746501;mw/geschichte-von-maehrisch-wiesen
40bff867-5d5a-4780-9234-5d2bdb1f7e37;1626089746569;mw/null
40bff867-5d5a-4780-9234-5d2bdb1f7e37;1626089773620;mw/geschichte-von-maehrisch-wiesen
40bff867-5d5a-4780-9234-5d2bdb1f7e37;1626089773722;mw/null
40bff867-5d5a-4780-9234-5d2bdb1f7e37;1626092218726;mw/null
40bff867-5d5a-4780-9234-5d2bdb1f7e37;1626092299478;mw/geschichte-von-maehrisch-wiesen
40bff867-5d5a-4780-9234-5d2bdb1f7e37;1626092299553;mw/null
40bff867-5d5a-4780-9234-5d2bdb1f7e37;1626092305284;mw/geschichte-von-maehrisch-wiesen
40bff867-5d5a-4780-9234-5d2bdb1f7e37;1626092305378;mw/null
40bff867-5d5a-4780-9234-5d2bdb1f7e37;1626092352335;mw/geschichte-von-maehrisch-wiesen
40bff867-5d5a-4780-9234-5d2bdb1f7e37;1626092353257;mw/null
40bff867-5d5a-4780-9234-5d2bdb1f7e37;1626092369858;mw/geschichte-von-maehrisch-wiesen
40bff867-5d5a-4780-9234-5d2bdb1f7e37;1626092370115;mw/null
40bff867-5d5a-4780-9234-5d2bdb1f7e37;1626092487525;mw/geschichte-von-maehrisch-wiesen
40bff867-5d5a-4780-9234-5d2bdb1f7e37;1626092487832;mw/null
40bff867-5d5a-4780-9234-5d2bdb1f7e37;1626092507564;mw/geschichte-von-maehrisch-wiesen
40bff867-5d5a-4780-9234-5d2bdb1f7e37;1626092507971;mw/null
40bff867-5d5a-4780-9234-5d2bdb1f7e37;1626092592853;mw/geschichte-von-maehrisch-wiesen
40bff867-5d5a-4780-9234-5d2bdb1f7e37;1626092593116;mw/null
40bff867-5d5a-4780-9234-5d2bdb1f7e37;1626092690662;mw/geschichte-von-maehrisch-wiesen
40bff867-5d5a-4780-9234-5d2bdb1f7e37;1626092690734;mw/null
40bff867-5d5a-4780-9234-5d2bdb1f7e37;1626092712300;mw/geschichte-von-maehrisch-wiesen
40bff867-5d5a-4780-9234-5d2bdb1f7e37;1626092712469;mw/null
40bff867-5d5a-4780-9234-5d2bdb1f7e37;1626092721550;mw/geschichte-von-maehrisch-wiesen
40bff867-5d5a-4780-9234-5d2bdb1f7e37;1626092721707;mw/null
40bff867-5d5a-4780-9234-5d2bdb1f7e37;1626092739412;mw/geschichte-von-maehrisch-wiesen
40bff867-5d5a-4780-9234-5d2bdb1f7e37;1626092739562;mw/null
40bff867-5d5a-4780-9234-5d2bdb1f7e37;1626092756379;mw/geschichte-von-maehrisch-wiesen
40bff867-5d5a-4780-9234-5d2bdb1f7e37;1626092756533;mw/null
40bff867-5d5a-4780-9234-5d2bdb1f7e37;1626092874028;mw/geschichte-von-maehrisch-wiesen
40bff867-5d5a-4780-9234-5d2bdb1f7e37;1626092874155;mw/null
40bff867-5d5a-4780-9234-5d2bdb1f7e37;1626092986751;mw/geschichte-von-maehrisch-wiesen
40bff867-5d5a-4780-9234-5d2bdb1f7e37;1626092986932;mw/null
40bff867-5d5a-4780-9234-5d2bdb1f7e37;1626093001443;mw/geschichte-von-maehrisch-wiesen
40bff867-5d5a-4780-9234-5d2bdb1f7e37;1626093001554;mw/null
40bff867-5d5a-4780-9234-5d2bdb1f7e37;1626093013540;mw/geschichte-von-maehrisch-wiesen
40bff867-5d5a-4780-9234-5d2bdb1f7e37;1626093013668;mw/null
40bff867-5d5a-4780-9234-5d2bdb1f7e37;1626093019006;mw/geschichte-von-maehrisch-wiesen
40bff867-5d5a-4780-9234-5d2bdb1f7e37;1626093019112;mw/null
40bff867-5d5a-4780-9234-5d2bdb1f7e37;1626093028841;mw/geschichte-von-maehrisch-wiesen
40bff867-5d5a-4780-9234-5d2bdb1f7e37;1626093028980;mw/null
40bff867-5d5a-4780-9234-5d2bdb1f7e37;1626093167979;mw/geschichte-von-maehrisch-wiesen
40bff867-5d5a-4780-9234-5d2bdb1f7e37;1626093168107;mw/null
40bff867-5d5a-4780-9234-5d2bdb1f7e37;1626093178666;mw/geschichte-von-maehrisch-wiesen
40bff867-5d5a-4780-9234-5d2bdb1f7e37;1626093178758;mw/null
40bff867-5d5a-4780-9234-5d2bdb1f7e37;1626093215989;mw/geschichte-von-maehrisch-wiesen
40bff867-5d5a-4780-9234-5d2bdb1f7e37;1626093216181;mw/null
16171b21-f559-4938-a2be-02add534e2b2;1626093356892;oth/home
44012a7a-1c0b-484d-80c4-39d5aae09d93;1626093414867;mw/ort-maehrisch-wiesen
b76220f5-ba67-4d53-b639-d1dba8dd61c5;1626093418796;mw/der-menschenschlag-von-maehrisch-wiesen
aa4df196-5fab-4448-bd12-3dbd8c72911d;1626093428457;mw/volkszaehlungen
318a6d3f-814c-47bf-b0eb-f9598ced3902;1626093430152;bw/volksschule-boehmisch-wiesen
73fa6f8d-43b7-456a-90e2-9543ad52e413;1626093431896;oth/genealogie
ead77544-0f37-4dbf-8730-d96fab46d822;1626093432738;oth/karten
3d7e01ff-81bf-4e26-8401-0844dcfb910e;1626093433933;oth/kontakt
6dd1639f-6cd5-48db-9641-ba169693ac54;1626093435711;oth/home
40bff867-5d5a-4780-9234-5d2bdb1f7e37;1626095821008;mw/geschichte-von-maehrisch-wiesen
40bff867-5d5a-4780-9234-5d2bdb1f7e37;1626095822580;mw/null
ae35c305-07bf-42dd-b8f4-3cc86bc0abc7;1626095914542;oth/home
43713030-fe03-4c70-b195-80d2f9bac221;1626095944076;oth/home
40bff867-5d5a-4780-9234-5d2bdb1f7e37;1626096352258;mw/ort-maehrisch-wiesen
40bff867-5d5a-4780-9234-5d2bdb1f7e37;1626096353249;oth/home
40bff867-5d5a-4780-9234-5d2bdb1f7e37;1626096388846;mw/ort-maehrisch-wiesen
40bff867-5d5a-4780-9234-5d2bdb1f7e37;1626096392644;mw/geschichte-von-maehrisch-wiesen
40bff867-5d5a-4780-9234-5d2bdb1f7e37;1626096392897;mw/null
40bff867-5d5a-4780-9234-5d2bdb1f7e37;1626096497043;mw/geschichte-von-maehrisch-wiesen
40bff867-5d5a-4780-9234-5d2bdb1f7e37;1626096500575;mw/null
40bff867-5d5a-4780-9234-5d2bdb1f7e37;1626096536032;mw/geschichte-von-maehrisch-wiesen
40bff867-5d5a-4780-9234-5d2bdb1f7e37;1626096536266;mw/null
40bff867-5d5a-4780-9234-5d2bdb1f7e37;1626096582497;mw/geschichte-von-maehrisch-wiesen
40bff867-5d5a-4780-9234-5d2bdb1f7e37;1626096583203;mw/null
40bff867-5d5a-4780-9234-5d2bdb1f7e37;1626096588880;mw/geschichte-von-maehrisch-wiesen
40bff867-5d5a-4780-9234-5d2bdb1f7e37;1626096589858;mw/null
40bff867-5d5a-4780-9234-5d2bdb1f7e37;1626096610003;mw/geschichte-von-maehrisch-wiesen
40bff867-5d5a-4780-9234-5d2bdb1f7e37;1626096610422;mw/null
40bff867-5d5a-4780-9234-5d2bdb1f7e37;1626096623914;mw/geschichte-von-maehrisch-wiesen
40bff867-5d5a-4780-9234-5d2bdb1f7e37;1626096624303;mw/null
40bff867-5d5a-4780-9234-5d2bdb1f7e37;1626096677803;mw/geschichte-von-maehrisch-wiesen
40bff867-5d5a-4780-9234-5d2bdb1f7e37;1626096678100;mw/null
40bff867-5d5a-4780-9234-5d2bdb1f7e37;1626096729251;mw/geschichte-von-maehrisch-wiesen
40bff867-5d5a-4780-9234-5d2bdb1f7e37;1626096729639;mw/null
40bff867-5d5a-4780-9234-5d2bdb1f7e37;1626096738297;mw/geschichte-von-maehrisch-wiesen
40bff867-5d5a-4780-9234-5d2bdb1f7e37;1626096738543;mw/null
40bff867-5d5a-4780-9234-5d2bdb1f7e37;1626096743987;mw/geschichte-von-maehrisch-wiesen
40bff867-5d5a-4780-9234-5d2bdb1f7e37;1626096744250;mw/null
40bff867-5d5a-4780-9234-5d2bdb1f7e37;1626096750810;mw/geschichte-von-maehrisch-wiesen
40bff867-5d5a-4780-9234-5d2bdb1f7e37;1626096751178;mw/null
40bff867-5d5a-4780-9234-5d2bdb1f7e37;1626096767800;mw/geschichte-von-maehrisch-wiesen
40bff867-5d5a-4780-9234-5d2bdb1f7e37;1626096768150;mw/null
40bff867-5d5a-4780-9234-5d2bdb1f7e37;1626096784530;mw/geschichte-von-maehrisch-wiesen
40bff867-5d5a-4780-9234-5d2bdb1f7e37;1626096784982;mw/null
40bff867-5d5a-4780-9234-5d2bdb1f7e37;1626096830959;mw/geschichte-von-maehrisch-wiesen
40bff867-5d5a-4780-9234-5d2bdb1f7e37;1626096831394;mw/null
40bff867-5d5a-4780-9234-5d2bdb1f7e37;1626096883749;mw/geschichte-von-maehrisch-wiesen
40bff867-5d5a-4780-9234-5d2bdb1f7e37;1626096883917;mw/null
5b1b7473-7312-4a5f-b20b-479d8b80fe07;1626098183279;oth/home
5b1b7473-7312-4a5f-b20b-479d8b80fe07;1626098188412;oth/home
40bff867-5d5a-4780-9234-5d2bdb1f7e37;1626098568059;mw/geschichte-von-maehrisch-wiesen
40bff867-5d5a-4780-9234-5d2bdb1f7e37;1626098568269;mw/null
40bff867-5d5a-4780-9234-5d2bdb1f7e37;1626098727483;oth/home
40bff867-5d5a-4780-9234-5d2bdb1f7e37;1626098754820;mw/ort-maehrisch-wiesen
40bff867-5d5a-4780-9234-5d2bdb1f7e37;1626098757059;mw/geschichte-von-maehrisch-wiesen
40bff867-5d5a-4780-9234-5d2bdb1f7e37;1626098757124;mw/null
40bff867-5d5a-4780-9234-5d2bdb1f7e37;1626098813726;mw/geschichte-von-maehrisch-wiesen
40bff867-5d5a-4780-9234-5d2bdb1f7e37;1626098813925;mw/null
9e6d0f5d-3d63-497e-95b7-a35f3b9dab2e;1626099712358;oth/home
9e6d0f5d-3d63-497e-95b7-a35f3b9dab2e;1626099718304;mw/ort-maehrisch-wiesen
9e6d0f5d-3d63-497e-95b7-a35f3b9dab2e;1626099725613;oth/home
9e6d0f5d-3d63-497e-95b7-a35f3b9dab2e;1626099734739;bw/geschichte-von-boehmisch-wiesen
9e6d0f5d-3d63-497e-95b7-a35f3b9dab2e;1626099738410;bw/ort-boehmisch-wiesen
9e6d0f5d-3d63-497e-95b7-a35f3b9dab2e;1626099744693;mw/geschichte-von-maehrisch-wiesen
9e6d0f5d-3d63-497e-95b7-a35f3b9dab2e;1626099744912;mw/null
9e6d0f5d-3d63-497e-95b7-a35f3b9dab2e;1626099784234;oth/genealogie
9e6d0f5d-3d63-497e-95b7-a35f3b9dab2e;1626099791721;oth/karten
9e6d0f5d-3d63-497e-95b7-a35f3b9dab2e;1626099813858;mw/der-menschenschlag-von-maehrisch-wiesen
9e6d0f5d-3d63-497e-95b7-a35f3b9dab2e;1626099850935;mw/der-menschenschlag-von-maehrisch-wiesen
9e6d0f5d-3d63-497e-95b7-a35f3b9dab2e;1626099854600;bw/geschichte-von-boehmisch-wiesen
9e6d0f5d-3d63-497e-95b7-a35f3b9dab2e;1626099858041;mw/der-menschenschlag-von-maehrisch-wiesen
9e6d0f5d-3d63-497e-95b7-a35f3b9dab2e;1626099863365;mw/der-menschenschlag-von-maehrisch-wiesen
9e6d0f5d-3d63-497e-95b7-a35f3b9dab2e;1626099872200;bw/volksschule-boehmisch-wiesen
9e6d0f5d-3d63-497e-95b7-a35f3b9dab2e;1626099880402;oth/home
9e6d0f5d-3d63-497e-95b7-a35f3b9dab2e;1626102001531;oth/home
9e6d0f5d-3d63-497e-95b7-a35f3b9dab2e;1626102093732;mw/volkszaehlungen
40bff867-5d5a-4780-9234-5d2bdb1f7e37;1626102264460;mw/geschichte-von-maehrisch-wiesen
40bff867-5d5a-4780-9234-5d2bdb1f7e37;1626102264953;mw/null
40bff867-5d5a-4780-9234-5d2bdb1f7e37;1626102266273;oth/postkarten
40bff867-5d5a-4780-9234-5d2bdb1f7e37;1626102281344;oth/postkarten
40bff867-5d5a-4780-9234-5d2bdb1f7e37;1626102281627;oth/card-03-front.png
40bff867-5d5a-4780-9234-5d2bdb1f7e37;1626102281704;oth/card-05-front.png
40bff867-5d5a-4780-9234-5d2bdb1f7e37;1626102292276;oth/postkarten
40bff867-5d5a-4780-9234-5d2bdb1f7e37;1626102465755;oth/postkarten
40bff867-5d5a-4780-9234-5d2bdb1f7e37;1626102581504;oth/postkarten
40bff867-5d5a-4780-9234-5d2bdb1f7e37;1626102978100;oth/postkarten
40bff867-5d5a-4780-9234-5d2bdb1f7e37;1626103124083;oth/postkarten
9e6d0f5d-3d63-497e-95b7-a35f3b9dab2e;1626103156535;oth/home
9e6d0f5d-3d63-497e-95b7-a35f3b9dab2e;1626103163771;oth/karten
9e6d0f5d-3d63-497e-95b7-a35f3b9dab2e;1626103169863;oth/postkarten
9e6d0f5d-3d63-497e-95b7-a35f3b9dab2e;1626103218014;oth/kontakt
9e6d0f5d-3d63-497e-95b7-a35f3b9dab2e;1626103221894;oth/karten
9e6d0f5d-3d63-497e-95b7-a35f3b9dab2e;1626103225343;mw/geschichte-von-maehrisch-wiesen
9e6d0f5d-3d63-497e-95b7-a35f3b9dab2e;1626103225820;mw/null
40bff867-5d5a-4780-9234-5d2bdb1f7e37;1626103357486;mw/geschichte-von-maehrisch-wiesen
40bff867-5d5a-4780-9234-5d2bdb1f7e37;1626103357652;mw/null
40bff867-5d5a-4780-9234-5d2bdb1f7e37;1626103413165;mw/geschichte-von-maehrisch-wiesen
40bff867-5d5a-4780-9234-5d2bdb1f7e37;1626103413347;mw/null
40bff867-5d5a-4780-9234-5d2bdb1f7e37;1626103425953;mw/geschichte-von-maehrisch-wiesen
40bff867-5d5a-4780-9234-5d2bdb1f7e37;1626103426122;mw/null
40bff867-5d5a-4780-9234-5d2bdb1f7e37;1626103436691;mw/geschichte-von-maehrisch-wiesen
40bff867-5d5a-4780-9234-5d2bdb1f7e37;1626103436853;mw/null
40bff867-5d5a-4780-9234-5d2bdb1f7e37;1626103451259;mw/geschichte-von-maehrisch-wiesen
40bff867-5d5a-4780-9234-5d2bdb1f7e37;1626103451419;mw/null
40bff867-5d5a-4780-9234-5d2bdb1f7e37;1626103459781;mw/geschichte-von-maehrisch-wiesen
40bff867-5d5a-4780-9234-5d2bdb1f7e37;1626103459959;mw/null
40bff867-5d5a-4780-9234-5d2bdb1f7e37;1626103466569;mw/geschichte-von-maehrisch-wiesen
40bff867-5d5a-4780-9234-5d2bdb1f7e37;1626103466727;mw/null
40bff867-5d5a-4780-9234-5d2bdb1f7e37;1626103614710;mw/geschichte-von-maehrisch-wiesen
40bff867-5d5a-4780-9234-5d2bdb1f7e37;1626103614983;mw/null
40bff867-5d5a-4780-9234-5d2bdb1f7e37;1626103694524;mw/geschichte-von-maehrisch-wiesen
40bff867-5d5a-4780-9234-5d2bdb1f7e37;1626103694714;mw/null
40bff867-5d5a-4780-9234-5d2bdb1f7e37;1626103708666;mw/geschichte-von-maehrisch-wiesen
40bff867-5d5a-4780-9234-5d2bdb1f7e37;1626103708823;mw/null
40bff867-5d5a-4780-9234-5d2bdb1f7e37;1626103721343;mw/geschichte-von-maehrisch-wiesen
40bff867-5d5a-4780-9234-5d2bdb1f7e37;1626103721539;mw/null
40bff867-5d5a-4780-9234-5d2bdb1f7e37;1626103736229;mw/geschichte-von-maehrisch-wiesen
40bff867-5d5a-4780-9234-5d2bdb1f7e37;1626103736413;mw/null
40bff867-5d5a-4780-9234-5d2bdb1f7e37;1626103758149;mw/geschichte-von-maehrisch-wiesen
40bff867-5d5a-4780-9234-5d2bdb1f7e37;1626103758442;mw/null
40bff867-5d5a-4780-9234-5d2bdb1f7e37;1626103779007;mw/geschichte-von-maehrisch-wiesen
40bff867-5d5a-4780-9234-5d2bdb1f7e37;1626103779196;mw/null
40bff867-5d5a-4780-9234-5d2bdb1f7e37;1626103791120;mw/geschichte-von-maehrisch-wiesen
40bff867-5d5a-4780-9234-5d2bdb1f7e37;1626103791299;mw/null
40bff867-5d5a-4780-9234-5d2bdb1f7e37;1626103797290;mw/geschichte-von-maehrisch-wiesen
40bff867-5d5a-4780-9234-5d2bdb1f7e37;1626103797447;mw/null
40bff867-5d5a-4780-9234-5d2bdb1f7e37;1626103805997;mw/geschichte-von-maehrisch-wiesen
40bff867-5d5a-4780-9234-5d2bdb1f7e37;1626103806197;mw/null
40bff867-5d5a-4780-9234-5d2bdb1f7e37;1626103825652;mw/geschichte-von-maehrisch-wiesen
40bff867-5d5a-4780-9234-5d2bdb1f7e37;1626103825798;mw/null
40bff867-5d5a-4780-9234-5d2bdb1f7e37;1626104001157;mw/geschichte-von-maehrisch-wiesen
40bff867-5d5a-4780-9234-5d2bdb1f7e37;1626104001298;mw/null
40bff867-5d5a-4780-9234-5d2bdb1f7e37;1626104009973;mw/geschichte-von-maehrisch-wiesen
40bff867-5d5a-4780-9234-5d2bdb1f7e37;1626104010118;mw/null
40bff867-5d5a-4780-9234-5d2bdb1f7e37;1626104019281;mw/geschichte-von-maehrisch-wiesen
40bff867-5d5a-4780-9234-5d2bdb1f7e37;1626104019362;mw/null
40bff867-5d5a-4780-9234-5d2bdb1f7e37;1626104023285;mw/geschichte-von-maehrisch-wiesen
40bff867-5d5a-4780-9234-5d2bdb1f7e37;1626104023389;mw/null
40bff867-5d5a-4780-9234-5d2bdb1f7e37;1626104030903;mw/geschichte-von-maehrisch-wiesen
40bff867-5d5a-4780-9234-5d2bdb1f7e37;1626104030983;mw/null
40bff867-5d5a-4780-9234-5d2bdb1f7e37;1626105107769;oth/home
40bff867-5d5a-4780-9234-5d2bdb1f7e37;1626105109349;mw/geschichte-von-maehrisch-wiesen
40bff867-5d5a-4780-9234-5d2bdb1f7e37;1626105109488;mw/null
40bff867-5d5a-4780-9234-5d2bdb1f7e37;1626105412860;mw/geschichte-von-maehrisch-wiesen
40bff867-5d5a-4780-9234-5d2bdb1f7e37;1626105412951;mw/null
40bff867-5d5a-4780-9234-5d2bdb1f7e37;1626105543615;mw/geschichte-von-maehrisch-wiesen
40bff867-5d5a-4780-9234-5d2bdb1f7e37;1626105543713;mw/null
40bff867-5d5a-4780-9234-5d2bdb1f7e37;1626105852424;mw/geschichte-von-maehrisch-wiesen
40bff867-5d5a-4780-9234-5d2bdb1f7e37;1626105852544;mw/null
40bff867-5d5a-4780-9234-5d2bdb1f7e37;1626105899938;mw/geschichte-von-maehrisch-wiesen
40bff867-5d5a-4780-9234-5d2bdb1f7e37;1626105900122;mw/null
40bff867-5d5a-4780-9234-5d2bdb1f7e37;1626105908413;mw/geschichte-von-maehrisch-wiesen
40bff867-5d5a-4780-9234-5d2bdb1f7e37;1626105908537;mw/null
40bff867-5d5a-4780-9234-5d2bdb1f7e37;1626105990971;mw/geschichte-von-maehrisch-wiesen
40bff867-5d5a-4780-9234-5d2bdb1f7e37;1626105991067;mw/null
40bff867-5d5a-4780-9234-5d2bdb1f7e37;1626106060942;mw/geschichte-von-maehrisch-wiesen
40bff867-5d5a-4780-9234-5d2bdb1f7e37;1626106061100;mw/null
40bff867-5d5a-4780-9234-5d2bdb1f7e37;1626106263832;mw/geschichte-von-maehrisch-wiesen
40bff867-5d5a-4780-9234-5d2bdb1f7e37;1626106263950;mw/null
9e6d0f5d-3d63-497e-95b7-a35f3b9dab2e;1626107311443;oth/postkarten
40bff867-5d5a-4780-9234-5d2bdb1f7e37;1626107318686;oth/postkarten
9e6d0f5d-3d63-497e-95b7-a35f3b9dab2e;1626107326289;oth/karten
9e6d0f5d-3d63-497e-95b7-a35f3b9dab2e;1626107331286;oth/postkarten
40bff867-5d5a-4780-9234-5d2bdb1f7e37;1626112086119;mw/volkszaehlungen
ae35c305-07bf-42dd-b8f4-3cc86bc0abc7;1626112153265;oth/home
9e6d0f5d-3d63-497e-95b7-a35f3b9dab2e;1626112773824;oth/home
9e6d0f5d-3d63-497e-95b7-a35f3b9dab2e;1626112852417;mw/ort-maehrisch-wiesen
9e6d0f5d-3d63-497e-95b7-a35f3b9dab2e;1626112855060;mw/geschichte-von-maehrisch-wiesen
9e6d0f5d-3d63-497e-95b7-a35f3b9dab2e;1626112855449;mw/null
9e6d0f5d-3d63-497e-95b7-a35f3b9dab2e;1626112903969;bw/ort-boehmisch-wiesen
9e6d0f5d-3d63-497e-95b7-a35f3b9dab2e;1626112909029;bw/geschichte-von-boehmisch-wiesen
9e6d0f5d-3d63-497e-95b7-a35f3b9dab2e;1626112913988;mw/volkszaehlungen
9e6d0f5d-3d63-497e-95b7-a35f3b9dab2e;1626112936389;bw/volksschule-boehmisch-wiesen
9e6d0f5d-3d63-497e-95b7-a35f3b9dab2e;1626112939886;oth/postkarten
9e6d0f5d-3d63-497e-95b7-a35f3b9dab2e;1626112949315;oth/karten
9e6d0f5d-3d63-497e-95b7-a35f3b9dab2e;1626112952854;oth/genealogie
9e6d0f5d-3d63-497e-95b7-a35f3b9dab2e;1626112956507;oth/kontakt
9e6d0f5d-3d63-497e-95b7-a35f3b9dab2e;1626112965527;oth/kontakt
9e6d0f5d-3d63-497e-95b7-a35f3b9dab2e;1626113004629;oth/home
40bff867-5d5a-4780-9234-5d2bdb1f7e37;1626116391155;mw/volkszaehlungen
40bff867-5d5a-4780-9234-5d2bdb1f7e37;1626117880820;mw/geschichte-von-maehrisch-wiesen
40bff867-5d5a-4780-9234-5d2bdb1f7e37;1626117881054;mw/null
40bff867-5d5a-4780-9234-5d2bdb1f7e37;1626118075675;mw/geschichte-von-maehrisch-wiesen
40bff867-5d5a-4780-9234-5d2bdb1f7e37;1626118077982;mw/null
40bff867-5d5a-4780-9234-5d2bdb1f7e37;1626118116335;mw/geschichte-von-maehrisch-wiesen
40bff867-5d5a-4780-9234-5d2bdb1f7e37;1626118116654;mw/null
40bff867-5d5a-4780-9234-5d2bdb1f7e37;1626118210494;mw/geschichte-von-maehrisch-wiesen
40bff867-5d5a-4780-9234-5d2bdb1f7e37;1626118210615;mw/null
40bff867-5d5a-4780-9234-5d2bdb1f7e37;1626118244067;mw/geschichte-von-maehrisch-wiesen
40bff867-5d5a-4780-9234-5d2bdb1f7e37;1626118244198;mw/null
40bff867-5d5a-4780-9234-5d2bdb1f7e37;1626118382908;mw/geschichte-von-maehrisch-wiesen
40bff867-5d5a-4780-9234-5d2bdb1f7e37;1626118383030;mw/null
40bff867-5d5a-4780-9234-5d2bdb1f7e37;1626118426593;mw/geschichte-von-maehrisch-wiesen
40bff867-5d5a-4780-9234-5d2bdb1f7e37;1626118426731;mw/null
40bff867-5d5a-4780-9234-5d2bdb1f7e37;1626118437607;mw/geschichte-von-maehrisch-wiesen
40bff867-5d5a-4780-9234-5d2bdb1f7e37;1626118438527;mw/null
40bff867-5d5a-4780-9234-5d2bdb1f7e37;1626118651174;mw/geschichte-von-maehrisch-wiesen
40bff867-5d5a-4780-9234-5d2bdb1f7e37;1626118651297;mw/null
40bff867-5d5a-4780-9234-5d2bdb1f7e37;1626119026379;mw/geschichte-von-maehrisch-wiesen
40bff867-5d5a-4780-9234-5d2bdb1f7e37;1626119026601;mw/null
40bff867-5d5a-4780-9234-5d2bdb1f7e37;1626119109812;mw/geschichte-von-maehrisch-wiesen
40bff867-5d5a-4780-9234-5d2bdb1f7e37;1626119109904;mw/null
40bff867-5d5a-4780-9234-5d2bdb1f7e37;1626119453724;mw/geschichte-von-maehrisch-wiesen
40bff867-5d5a-4780-9234-5d2bdb1f7e37;1626119453867;mw/null
40bff867-5d5a-4780-9234-5d2bdb1f7e37;1626119466193;mw/geschichte-von-maehrisch-wiesen
40bff867-5d5a-4780-9234-5d2bdb1f7e37;1626119466321;mw/null
40bff867-5d5a-4780-9234-5d2bdb1f7e37;1626119531145;mw/geschichte-von-maehrisch-wiesen
40bff867-5d5a-4780-9234-5d2bdb1f7e37;1626119531447;mw/null
40bff867-5d5a-4780-9234-5d2bdb1f7e37;1626119577026;mw/geschichte-von-maehrisch-wiesen
40bff867-5d5a-4780-9234-5d2bdb1f7e37;1626119577162;mw/null
9e6d0f5d-3d63-497e-95b7-a35f3b9dab2e;1626119603119;mw/geschichte-von-maehrisch-wiesen
9e6d0f5d-3d63-497e-95b7-a35f3b9dab2e;1626119603703;mw/null
9e6d0f5d-3d63-497e-95b7-a35f3b9dab2e;1626119760490;mw/geschichte-von-maehrisch-wiesen
9e6d0f5d-3d63-497e-95b7-a35f3b9dab2e;1626119760976;mw/null
9e6d0f5d-3d63-497e-95b7-a35f3b9dab2e;1626121446909;oth/home
9e6d0f5d-3d63-497e-95b7-a35f3b9dab2e;1626121453673;mw/geschichte-von-maehrisch-wiesen
9e6d0f5d-3d63-497e-95b7-a35f3b9dab2e;1626121454112;mw/null
40bff867-5d5a-4780-9234-5d2bdb1f7e37;1626130705331;mw/geschichte-von-maehrisch-wiesen
40bff867-5d5a-4780-9234-5d2bdb1f7e37;1626130705628;mw/null
40bff867-5d5a-4780-9234-5d2bdb1f7e37;1626165143427;mw/null
40bff867-5d5a-4780-9234-5d2bdb1f7e37;1626165155382;mw/geschichte-von-maehrisch-wiesen
40bff867-5d5a-4780-9234-5d2bdb1f7e37;1626165155754;mw/null
40bff867-5d5a-4780-9234-5d2bdb1f7e37;1626165291879;mw/geschichte-von-maehrisch-wiesen
40bff867-5d5a-4780-9234-5d2bdb1f7e37;1626165292159;mw/null
40bff867-5d5a-4780-9234-5d2bdb1f7e37;1626165318679;mw/geschichte-von-maehrisch-wiesen
40bff867-5d5a-4780-9234-5d2bdb1f7e37;1626165318966;mw/null
40bff867-5d5a-4780-9234-5d2bdb1f7e37;1626165322204;mw/geschichte-von-maehrisch-wiesen
40bff867-5d5a-4780-9234-5d2bdb1f7e37;1626165322353;mw/null
40bff867-5d5a-4780-9234-5d2bdb1f7e37;1626165324463;mw/geschichte-von-maehrisch-wiesen
40bff867-5d5a-4780-9234-5d2bdb1f7e37;1626165324657;mw/null
40bff867-5d5a-4780-9234-5d2bdb1f7e37;1626165338802;mw/geschichte-von-maehrisch-wiesen
40bff867-5d5a-4780-9234-5d2bdb1f7e37;1626165338941;mw/null
40bff867-5d5a-4780-9234-5d2bdb1f7e37;1626165406056;mw/null
40bff867-5d5a-4780-9234-5d2bdb1f7e37;1626165412025;mw/geschichte-von-maehrisch-wiesen
40bff867-5d5a-4780-9234-5d2bdb1f7e37;1626165412149;mw/null
40bff867-5d5a-4780-9234-5d2bdb1f7e37;1626165413023;mw/null
40bff867-5d5a-4780-9234-5d2bdb1f7e37;1626165456501;mw/geschichte-von-maehrisch-wiesen
40bff867-5d5a-4780-9234-5d2bdb1f7e37;1626165456680;mw/null
40bff867-5d5a-4780-9234-5d2bdb1f7e37;1626165483345;mw/geschichte-von-maehrisch-wiesen
40bff867-5d5a-4780-9234-5d2bdb1f7e37;1626165483501;mw/null
40bff867-5d5a-4780-9234-5d2bdb1f7e37;1626165501200;mw/geschichte-von-maehrisch-wiesen
40bff867-5d5a-4780-9234-5d2bdb1f7e37;1626165501342;mw/null
9e6d0f5d-3d63-497e-95b7-a35f3b9dab2e;1626166011061;oth/home
9e6d0f5d-3d63-497e-95b7-a35f3b9dab2e;1626166014449;mw/geschichte-von-maehrisch-wiesen
9e6d0f5d-3d63-497e-95b7-a35f3b9dab2e;1626166014894;mw/null
9e6d0f5d-3d63-497e-95b7-a35f3b9dab2e;1626168213432;mw/geschichte-von-maehrisch-wiesen
9e6d0f5d-3d63-497e-95b7-a35f3b9dab2e;1626168213963;mw/null
9e6d0f5d-3d63-497e-95b7-a35f3b9dab2e;1626169006024;oth/postkarten
40bff867-5d5a-4780-9234-5d2bdb1f7e37;1626175544075;oth/home
40bff867-5d5a-4780-9234-5d2bdb1f7e37;1626175567294;oth/home
40bff867-5d5a-4780-9234-5d2bdb1f7e37;1626175573045;bw/fischzucht
40bff867-5d5a-4780-9234-5d2bdb1f7e37;1626175742099;bw/fischzucht
40bff867-5d5a-4780-9234-5d2bdb1f7e37;1626175795128;mw/ort-maehrisch-wiesen
40bff867-5d5a-4780-9234-5d2bdb1f7e37;1626175796207;mw/geschichte-von-maehrisch-wiesen
40bff867-5d5a-4780-9234-5d2bdb1f7e37;1626175796343;mw/null
40bff867-5d5a-4780-9234-5d2bdb1f7e37;1626175797317;bw/ort-boehmisch-wiesen
40bff867-5d5a-4780-9234-5d2bdb1f7e37;1626175801188;mw/volkszaehlungen
40bff867-5d5a-4780-9234-5d2bdb1f7e37;1626175802624;oth/postkarten
40bff867-5d5a-4780-9234-5d2bdb1f7e37;1626175806988;oth/karten
40bff867-5d5a-4780-9234-5d2bdb1f7e37;1626175810201;oth/kontakt
40bff867-5d5a-4780-9234-5d2bdb1f7e37;1626175811728;oth/genealogie
40bff867-5d5a-4780-9234-5d2bdb1f7e37;1626175813152;oth/karten
40bff867-5d5a-4780-9234-5d2bdb1f7e37;1626175814972;oth/postkarten
40bff867-5d5a-4780-9234-5d2bdb1f7e37;1626175865981;oth/home
40bff867-5d5a-4780-9234-5d2bdb1f7e37;1626176030809;oth/postkarten
40bff867-5d5a-4780-9234-5d2bdb1f7e37;1626176033421;oth/postkarten
40bff867-5d5a-4780-9234-5d2bdb1f7e37;1626176062002;oth/postkarten
40bff867-5d5a-4780-9234-5d2bdb1f7e37;1626176102913;oth/postkarten
40bff867-5d5a-4780-9234-5d2bdb1f7e37;1626176112924;oth/postkarten
40bff867-5d5a-4780-9234-5d2bdb1f7e37;1626176136183;oth/postkarten
40bff867-5d5a-4780-9234-5d2bdb1f7e37;1626176194353;oth/postkarten
40bff867-5d5a-4780-9234-5d2bdb1f7e37;1626176205534;oth/postkarten
40bff867-5d5a-4780-9234-5d2bdb1f7e37;1626176219658;oth/postkarten
40bff867-5d5a-4780-9234-5d2bdb1f7e37;1626176227128;oth/postkarten
40bff867-5d5a-4780-9234-5d2bdb1f7e37;1626176233602;oth/postkarten
40bff867-5d5a-4780-9234-5d2bdb1f7e37;1626176244115;oth/postkarten
40bff867-5d5a-4780-9234-5d2bdb1f7e37;1626176276880;oth/postkarten
40bff867-5d5a-4780-9234-5d2bdb1f7e37;1626176300659;oth/postkarten
40bff867-5d5a-4780-9234-5d2bdb1f7e37;1626176322626;oth/postkarten
40bff867-5d5a-4780-9234-5d2bdb1f7e37;1626176340396;oth/postkarten
40bff867-5d5a-4780-9234-5d2bdb1f7e37;1626176341985;oth/postkarten
40bff867-5d5a-4780-9234-5d2bdb1f7e37;1626176350980;oth/postkarten
9e6d0f5d-3d63-497e-95b7-a35f3b9dab2e;1626176354113;oth/home
9e6d0f5d-3d63-497e-95b7-a35f3b9dab2e;1626176359577;bw/fischzucht
40bff867-5d5a-4780-9234-5d2bdb1f7e37;1626176361082;oth/postkarten
40bff867-5d5a-4780-9234-5d2bdb1f7e37;1626176447785;oth/postkarten
40bff867-5d5a-4780-9234-5d2bdb1f7e37;1626176510264;oth/postkarten
40bff867-5d5a-4780-9234-5d2bdb1f7e37;1626176527497;oth/postkarten
40bff867-5d5a-4780-9234-5d2bdb1f7e37;1626176532916;oth/postkarten
40bff867-5d5a-4780-9234-5d2bdb1f7e37;1626176560179;oth/postkarten
40bff867-5d5a-4780-9234-5d2bdb1f7e37;1626176575445;bw/fischzucht
40bff867-5d5a-4780-9234-5d2bdb1f7e37;1626176586978;bw/fischzucht
40bff867-5d5a-4780-9234-5d2bdb1f7e37;1626176591901;oth/postkarten
40bff867-5d5a-4780-9234-5d2bdb1f7e37;1626176637347;oth/postkarten
40bff867-5d5a-4780-9234-5d2bdb1f7e37;1626176651511;bw/fischzucht
40bff867-5d5a-4780-9234-5d2bdb1f7e37;1626176717470;bw/fischzucht
40bff867-5d5a-4780-9234-5d2bdb1f7e37;1626176736658;bw/fischzucht
40bff867-5d5a-4780-9234-5d2bdb1f7e37;1626176738859;bw/fischzucht
40bff867-5d5a-4780-9234-5d2bdb1f7e37;1626176746423;bw/fischzucht
9e6d0f5d-3d63-497e-95b7-a35f3b9dab2e;1626176750312;bw/fischzucht
40bff867-5d5a-4780-9234-5d2bdb1f7e37;1626176757513;bw/fischzucht
40bff867-5d5a-4780-9234-5d2bdb1f7e37;1626176812641;bw/fischzucht
40bff867-5d5a-4780-9234-5d2bdb1f7e37;1626176847581;bw/fischzucht
40bff867-5d5a-4780-9234-5d2bdb1f7e37;1626176866416;bw/fischzucht
9e6d0f5d-3d63-497e-95b7-a35f3b9dab2e;1626176877958;bw/fischzucht
40bff867-5d5a-4780-9234-5d2bdb1f7e37;1626176881825;bw/fischzucht
40bff867-5d5a-4780-9234-5d2bdb1f7e37;1626176906306;bw/fischzucht
40bff867-5d5a-4780-9234-5d2bdb1f7e37;1626176920594;bw/fischzucht
9e6d0f5d-3d63-497e-95b7-a35f3b9dab2e;1626176959652;bw/fischzucht
40bff867-5d5a-4780-9234-5d2bdb1f7e37;1626176985416;bw/fischzucht
40bff867-5d5a-4780-9234-5d2bdb1f7e37;1626176997412;bw/fischzucht
40bff867-5d5a-4780-9234-5d2bdb1f7e37;1626177021059;bw/fischzucht
40bff867-5d5a-4780-9234-5d2bdb1f7e37;1626177112964;bw/fischzucht
9e6d0f5d-3d63-497e-95b7-a35f3b9dab2e;1626177116793;bw/fischzucht
9e6d0f5d-3d63-497e-95b7-a35f3b9dab2e;1626177122187;mw/geschichte-von-maehrisch-wiesen
9e6d0f5d-3d63-497e-95b7-a35f3b9dab2e;1626177122572;mw/null
40bff867-5d5a-4780-9234-5d2bdb1f7e37;1626177125414;bw/fischzucht
40bff867-5d5a-4780-9234-5d2bdb1f7e37;1626177133869;bw/fischzucht
40bff867-5d5a-4780-9234-5d2bdb1f7e37;1626177148044;bw/fischzucht
40bff867-5d5a-4780-9234-5d2bdb1f7e37;1626177160263;bw/fischzucht
40bff867-5d5a-4780-9234-5d2bdb1f7e37;1626177162758;oth/postkarten
40bff867-5d5a-4780-9234-5d2bdb1f7e37;1626177327724;mw/geschichte-von-maehrisch-wiesen
40bff867-5d5a-4780-9234-5d2bdb1f7e37;1626177327829;mw/null
40bff867-5d5a-4780-9234-5d2bdb1f7e37;1626177359589;mw/volkszaehlungen
40bff867-5d5a-4780-9234-5d2bdb1f7e37;1626177361275;bw/geschichte-von-boehmisch-wiesen
40bff867-5d5a-4780-9234-5d2bdb1f7e37;1626177363436;oth/home
9e6d0f5d-3d63-497e-95b7-a35f3b9dab2e;1626177622896;oth/postkarten
9e6d0f5d-3d63-497e-95b7-a35f3b9dab2e;1626177823909;oth/karten
9e6d0f5d-3d63-497e-95b7-a35f3b9dab2e;1626177829394;oth/genealogie
9e6d0f5d-3d63-497e-95b7-a35f3b9dab2e;1626177838328;mw/geschichte-von-maehrisch-wiesen
9e6d0f5d-3d63-497e-95b7-a35f3b9dab2e;1626177838788;mw/null
40bff867-5d5a-4780-9234-5d2bdb1f7e37;1626177942921;mw/geschichte-von-maehrisch-wiesen
40bff867-5d5a-4780-9234-5d2bdb1f7e37;1626177943001;mw/null
40bff867-5d5a-4780-9234-5d2bdb1f7e37;1626177944271;mw/ort-maehrisch-wiesen
40bff867-5d5a-4780-9234-5d2bdb1f7e37;1626177946059;mw/geschichte-von-maehrisch-wiesen
40bff867-5d5a-4780-9234-5d2bdb1f7e37;1626177946133;mw/null
40bff867-5d5a-4780-9234-5d2bdb1f7e37;1626177958984;mw/geschichte-von-maehrisch-wiesen
40bff867-5d5a-4780-9234-5d2bdb1f7e37;1626177959056;mw/null
40bff867-5d5a-4780-9234-5d2bdb1f7e37;1626178067898;mw/geschichte-von-maehrisch-wiesen
40bff867-5d5a-4780-9234-5d2bdb1f7e37;1626178068018;mw/null
40bff867-5d5a-4780-9234-5d2bdb1f7e37;1626178078408;mw/geschichte-von-maehrisch-wiesen
40bff867-5d5a-4780-9234-5d2bdb1f7e37;1626178078529;mw/null
40bff867-5d5a-4780-9234-5d2bdb1f7e37;1626178084894;mw/geschichte-von-maehrisch-wiesen
40bff867-5d5a-4780-9234-5d2bdb1f7e37;1626178084974;mw/null
40bff867-5d5a-4780-9234-5d2bdb1f7e37;1626178100375;mw/geschichte-von-maehrisch-wiesen
40bff867-5d5a-4780-9234-5d2bdb1f7e37;1626178100495;mw/null
9e6d0f5d-3d63-497e-95b7-a35f3b9dab2e;1626179410937;oth/postkarten
9e6d0f5d-3d63-497e-95b7-a35f3b9dab2e;1626179420293;bw/fischzucht
9e6d0f5d-3d63-497e-95b7-a35f3b9dab2e;1626180824999;mw/ort-maehrisch-wiesen
9e6d0f5d-3d63-497e-95b7-a35f3b9dab2e;1626180830197;bw/ort-boehmisch-wiesen
9e6d0f5d-3d63-497e-95b7-a35f3b9dab2e;1626180841672;bw/geschichte-von-boehmisch-wiesen
9e6d0f5d-3d63-497e-95b7-a35f3b9dab2e;1626181106950;mw/ort-maehrisch-wiesen
9e6d0f5d-3d63-497e-95b7-a35f3b9dab2e;1626181108948;mw/geschichte-von-maehrisch-wiesen
9e6d0f5d-3d63-497e-95b7-a35f3b9dab2e;1626181109557;mw/null
9e6d0f5d-3d63-497e-95b7-a35f3b9dab2e;1626181122072;oth/postkarten
40bff867-5d5a-4780-9234-5d2bdb1f7e37;1626181879755;mw/geschichte-von-maehrisch-wiesen
40bff867-5d5a-4780-9234-5d2bdb1f7e37;1626181880000;mw/null
40bff867-5d5a-4780-9234-5d2bdb1f7e37;1626181902564;mw/geschichte-von-maehrisch-wiesen
40bff867-5d5a-4780-9234-5d2bdb1f7e37;1626181902745;mw/null
5b1b7473-7312-4a5f-b20b-479d8b80fe07;1626182052180;oth/home
5b1b7473-7312-4a5f-b20b-479d8b80fe07;1626182072610;oth/kontakt
5b1b7473-7312-4a5f-b20b-479d8b80fe07;1626182073042;oth/kontakt
40bff867-5d5a-4780-9234-5d2bdb1f7e37;1626182514632;mw/geschichte-von-maehrisch-wiesen
40bff867-5d5a-4780-9234-5d2bdb1f7e37;1626182514793;mw/null
40bff867-5d5a-4780-9234-5d2bdb1f7e37;1626182534028;mw/geschichte-von-maehrisch-wiesen
40bff867-5d5a-4780-9234-5d2bdb1f7e37;1626182534167;mw/null
9e6d0f5d-3d63-497e-95b7-a35f3b9dab2e;1626273771731;oth/home
9e6d0f5d-3d63-497e-95b7-a35f3b9dab2e;1626273785238;oth/postkarten
9e6d0f5d-3d63-497e-95b7-a35f3b9dab2e;1626273879147;mw/ort-maehrisch-wiesen
9e6d0f5d-3d63-497e-95b7-a35f3b9dab2e;1626273881663;mw/geschichte-von-maehrisch-wiesen
9e6d0f5d-3d63-497e-95b7-a35f3b9dab2e;1626273882037;mw/null
e295856c-06db-4237-a151-88e1c5136621;1626294471408;oth/home
40bff867-5d5a-4780-9234-5d2bdb1f7e37;1627905446540;oth/home
40bff867-5d5a-4780-9234-5d2bdb1f7e37;1627905455597;oth/postkarten
ae35c305-07bf-42dd-b8f4-3cc86bc0abc7;1627905582860;oth/home
40bff867-5d5a-4780-9234-5d2bdb1f7e37;1628790505480;oth/home
40bff867-5d5a-4780-9234-5d2bdb1f7e37;1628791016716;oth/home
40bff867-5d5a-4780-9234-5d2bdb1f7e37;1628791055396;oth/home
40bff867-5d5a-4780-9234-5d2bdb1f7e37;1628791154711;oth/home
40bff867-5d5a-4780-9234-5d2bdb1f7e37;1628791178672;oth/home
40bff867-5d5a-4780-9234-5d2bdb1f7e37;1628791181617;oth/postkarten
40bff867-5d5a-4780-9234-5d2bdb1f7e37;1628791188080;mw/geschichte-von-maehrisch-wiesen
40bff867-5d5a-4780-9234-5d2bdb1f7e37;1628791188214;mw/null
40bff867-5d5a-4780-9234-5d2bdb1f7e37;1628791230000;mw/geschichte-von-maehrisch-wiesen
40bff867-5d5a-4780-9234-5d2bdb1f7e37;1628791230155;mw/null
40bff867-5d5a-4780-9234-5d2bdb1f7e37;1628791233160;oth/genealogie
40bff867-5d5a-4780-9234-5d2bdb1f7e37;1628791234735;oth/kontakt
40bff867-5d5a-4780-9234-5d2bdb1f7e37;1628791246329;oth/kontakt
40bff867-5d5a-4780-9234-5d2bdb1f7e37;1628791333808;oth/kontakt
